match_id,date,group,team_a,team_b,dc_win_a,dc_draw,dc_win_b,dc_xg_a,dc_xg_b,dc_pred_score_a,dc_pred_score_b,dc_scoreline_probs,dc_over_0_5,dc_over_1_5,dc_over_2_5,dc_over_3_5,dc_over_4_5,dc_btts,dc_home_scores,dc_away_scores,dc_home_cs,dc_away_cs,dc_home_2plus,dc_away_2plus,dc_home_3plus,dc_away_3plus,xgb_win_a,xgb_draw,xgb_win_b,elo_win_a,elo_draw,elo_win_b,ens_win_a,ens_draw,ens_win_b
A_Mexico_South_Africa,2026-06-11,A,Mexico,South Africa,0.376333477037667,0.4570636256286463,0.16660289733368674,0.6843643604046399,0.36617939434983926,0,0,"[[0.356759, 0.121059, 0.023448, 0.002862, 0.000262, 1.9e-05, 1e-06, 0.0], [0.232343, 0.094658, 0.016047, 0.001959, 0.000179, 1.3e-05, 1e-06, 0.0], [0.081903, 0.029991, 0.005491, 0.00067, 6.1e-05, 4e-06, 0.0, 0.0], [0.018684, 0.006842, 0.001253, 0.000153, 1.4e-05, 1e-06, 0.0, 0.0], [0.003197, 0.001171, 0.000214, 2.6e-05, 2e-06, 0.0, 0.0, 0.0], [0.000438, 0.00016, 2.9e-05, 4e-06, 0.0, 0.0, 0.0, 0.0], [5e-05, 1.8e-05, 3e-06, 0.0, 0.0, 0.0, 0.0, 0.0], [5e-06, 2e-06, 0.0, 0.0, 0.0, 0.0, 0.0, 0.0]]",0.6432409232199606,0.2898382615006179,0.0898287500904536,0.022244404153826555,0.004494326018104106,0.1589695913322324,0.49558892045371195,0.30662159409848055,0.6933784059015194,0.504411079546288,0.15038795461900278,0.052720709370205426,0.032266335521735356,0.0062340732728613105,,,,0.7064073364863566,0.11367567323985563,0.17991699027378782,0.48635809685389686,0.3426009748323827,0.17104092831372042
A_Mexico_South_Korea,2026-06-19,A,Mexico,South Korea,0.14433566984315693,0.4060008594783376,0.4496634706785055,0.3729654182353273,0.8661902994875914,0,0,"[[0.297114, 0.243389, 0.108652, 0.031371, 0.006793, 0.001177, 0.00017, 2.1e-05], [0.100537, 0.101052, 0.040523, 0.0117, 0.002534, 0.000439, 6.3e-05, 8e-06], [0.020144, 0.017449, 0.007557, 0.002182, 0.000472, 8.2e-05, 1.2e-05, 1e-06], [0.002504, 0.002169, 0.000939, 0.000271, 5.9e-05, 1e-05, 1e-06, 0.0], [0.000234, 0.000202, 8.8e-05, 2.5e-05, 5e-06, 1e-06, 0.0, 0.0], [1.7e-05, 1.5e-05, 7e-06, 2e-06, 0.0, 0.0, 0.0, 0.0], [1e-06, 1e-06, 0.0, 0.0, 0.0, 0.0, 0.0, 0.0], [0.0, 0.0, 0.0, 0.0, 0.0, 0.0, 0.0, 0.0]]",0.7028853459842987,0.35895894521428595,0.12910979156751795,0.037261833826029316,0.008808353326894666,0.18787339118731738,0.3113109468913966,0.5794477902802194,0.4205522097197806,0.6886890531086034,0.05445374616465489,0.2151695457928744,0.006554319516752577,0.05740240494822066,,,,0.3951380406606336,0.26069536611931254,0.34416659322005383,0.2279364601156492,0.35756569502532926,0.4144978448590216
A_Mexico_Czechia,2026-06-21,A,Mexico,Czechia,0.3227662616856051,0.4116249720755177,0.26560876623887714,0.7156597959131278,0.62213831061031,0,0,"[[0.27177, 0.153917, 0.050786, 0.010532, 0.001638, 0.000204, 2.1e-05, 2e-06], [0.178459, 0.126188, 0.036346, 0.007537, 0.001172, 0.000146, 1.5e-05, 1e-06], [0.067202, 0.041809, 0.013006, 0.002697, 0.000419, 5.2e-05, 5e-06, 0.0], [0.016031, 0.009974, 0.003103, 0.000643, 0.0001, 1.2e-05, 1e-06, 0.0], [0.002868, 0.001784, 0.000555, 0.000115, 1.8e-05, 2e-06, 0.0, 0.0], [0.000411, 0.000255, 7.9e-05, 1.6e-05, 3e-06, 0.0, 0.0, 0.0], [4.9e-05, 3e-05, 9e-06, 2e-06, 0.0, 0.0, 0.0, 0.0], [5e-06, 3e-06, 1e-06, 0.0, 0.0, 0.0, 0.0, 0.0]]",0.7282300871409796,0.39585431304827645,0.15167770260236527,0.04695937987048425,0.01193638640322909,0.24610447230547516,0.511130105921676,0.4632044535247789,0.5367955464752211,0.4888698940783241,0.16126557729751004,0.12924337909754674,0.03607358872130341,0.025358389770665575,,,,0.6223466273272973,0.14998880065249118,0.22766457202021145,0.4226263835661693,0.3244129149345089,0.2529607014993219
A_South_Africa_South_Korea,2026-06-21,A,South Africa,South Korea,0.06936381453041401,0.20350886361023054,0.7271273218593555,0.4470803095613509,1.9405452582129525,0,2,"[[0.098222, 0.17186, 0.172936, 0.111863, 0.054269, 0.021062, 0.006812, 0.001888], [0.034689, 0.086059, 0.077316, 0.050012, 0.024263, 0.009417, 0.003046, 0.000844], [0.009179, 0.017813, 0.017283, 0.01118, 0.005424, 0.002105, 0.000681, 0.000189], [0.001368, 0.002655, 0.002576, 0.001666, 0.000808, 0.000314, 0.000101, 2.8e-05], [0.000153, 0.000297, 0.000288, 0.000186, 9e-05, 3.5e-05, 1.1e-05, 3e-06], [1.4e-05, 2.7e-05, 2.6e-05, 1.7e-05, 8e-06, 3e-06, 1e-06, 0.0], [1e-06, 2e-06, 2e-06, 1e-06, 1e-06, 0.0, 0.0, 0.0], [0.0, 0.0, 0.0, 0.0, 0.0, 0.0, 0.0, 0.0]]",0.9016888961360039,0.6949527517362343,0.42653474620212173,0.2179853639587886,0.09350090466185895,0.3150625329201388,0.36050743412233344,0.8562439949338094,0.1437560050661906,0.6394925658776666,0.07460289980756361,0.577278960962976,0.010691755954343008,0.30660682402331807,,,,0.1975868876160071,0.12670207215276963,0.6757110402312233,0.11210483889227837,0.17790659979107687,0.7099885613166448
A_South_Africa_Czechia,2026-06-18,A,South Africa,Czechia,0.22111820924762096,0.2941985134992713,0.4846832772531078,0.8578741820389717,1.3937901975139229,0,1,"[[0.115289, 0.136595, 0.102207, 0.047485, 0.016546, 0.004612, 0.001071, 0.000213], [0.080204, 0.135881, 0.08768, 0.040736, 0.014194, 0.003957, 0.000919, 0.000183], [0.03872, 0.053967, 0.037609, 0.017473, 0.006088, 0.001697, 0.000394, 7.9e-05], [0.011072, 0.015432, 0.010755, 0.004997, 0.001741, 0.000485, 0.000113, 2.2e-05], [0.002375, 0.00331, 0.002307, 0.001072, 0.000373, 0.000104, 2.4e-05, 5e-06], [0.000407, 0.000568, 0.000396, 0.000184, 6.4e-05, 1.8e-05, 4e-06, 1e-06], [5.8e-05, 8.1e-05, 5.7e-05, 2.6e-05, 9e-06, 3e-06, 1e-06, 0.0], [7e-06, 1e-05, 7e-06, 3e-06, 1e-06, 0.0, 0.0, 0.0]]",0.8846990701415886,0.667876245141165,0.3910397031087006,0.1908136031064534,0.07810310879848939,0.44307817782343734,0.5759359506159616,0.7518412973490644,0.24815870265093565,0.42406404938403847,0.2121423511184955,0.4059601301664179,0.05609778281854453,0.16491724000449443,,,,0.3161115356021927,0.2298564454539548,0.4540320189438526,0.2527826513658115,0.2727511574841658,0.4744661911500227
A_South_Korea_Czechia,2026-06-12,A,South Korea,Czechia,0.6624226883568236,0.2151182701895894,0.12245904145358695,2.029284842699494,0.759588859420908,2,0,"[[0.069073, 0.039125, 0.017739, 0.004492, 0.000853, 0.00013, 1.6e-05, 2e-06], [0.117199, 0.102365, 0.035998, 0.009115, 0.001731, 0.000263, 3.3e-05, 4e-06], [0.126609, 0.096171, 0.036525, 0.009248, 0.001756, 0.000267, 3.4e-05, 4e-06], [0.085642, 0.065052, 0.024707, 0.006256, 0.001188, 0.00018, 2.3e-05, 2e-06], [0.043448, 0.033003, 0.012534, 0.003174, 0.000603, 9.2e-05, 1.2e-05, 1e-06], [0.017634, 0.013394, 0.005087, 0.001288, 0.000245, 3.7e-05, 5e-06, 1e-06], [0.005964, 0.00453, 0.001721, 0.000436, 8.3e-05, 1.3e-05, 2e-06, 0.0], [0.001729, 0.001313, 0.000499, 0.000126, 2.4e-05, 4e-06, 0.0, 0.0]]",0.9308442440337485,0.774331312028976,0.5273214665085388,0.3047520969866966,0.14957263159745063,0.46970882307183554,0.8684124668542081,0.5321406002513761,0.4678593997486239,0.13158753314579189,0.6013838803532354,0.17675981242696812,0.330445348776288,0.04178816878514527,,,,0.5875853934041941,0.16563217832771493,0.246782428268091,0.6374769233726139,0.19862290623563125,0.163900170391755
B_Canada_Bosnia_and_Herzegovina,2026-06-12,B,Canada,Bosnia and Herzegovina,0.3114111379558097,0.36418949651566124,0.32439936552852916,0.8275760840931161,0.8506932574117452,0,0,"[[0.197211, 0.148307, 0.067554, 0.019156, 0.004074, 0.000693, 9.8e-05, 1.2e-05], [0.143991, 0.141951, 0.055906, 0.015853, 0.003372, 0.000574, 8.1e-05, 1e-05], [0.063933, 0.054387, 0.023133, 0.00656, 0.001395, 0.000237, 3.4e-05, 4e-06], [0.017636, 0.015003, 0.006382, 0.00181, 0.000385, 6.5e-05, 9e-06, 1e-06], [0.003649, 0.003104, 0.00132, 0.000374, 8e-05, 1.4e-05, 2e-06, 0.0], [0.000604, 0.000514, 0.000219, 6.2e-05, 1.3e-05, 2e-06, 0.0, 0.0], [8.3e-05, 7.1e-05, 3e-05, 9e-06, 2e-06, 0.0, 0.0, 0.0], [1e-05, 8e-06, 4e-06, 1e-06, 0.0, 0.0, 0.0, 0.0]]",0.8027877109351478,0.5104871517173764,0.23704723459334498,0.08996062068250979,0.028247882014430493,0.33298353173482154,0.5628913378138882,0.5728799048560811,0.4271200951439189,0.4371086621861117,0.20115066283872515,0.20953171981208618,0.051466697212152086,0.05498279425722538,,,,0.6635478259870048,0.1319361277214084,0.2045160462915868,0.4287900339662081,0.286771706917577,0.284438259116215
B_Canada_Switzerland,2026-06-21,B,Canada,Switzerland,0.06090686307635935,0.21788474984661135,0.7212083870770293,0.3537440228107772,1.7779628558331635,0,1,"[[0.124603, 0.204959, 0.187511, 0.111129, 0.049396, 0.017565, 0.005205, 0.001322], [0.035997, 0.080583, 0.066331, 0.039311, 0.017474, 0.006213, 0.001841, 0.000468], [0.007423, 0.013197, 0.011732, 0.006953, 0.003091, 0.001099, 0.000326, 8.3e-05], [0.000875, 0.001556, 0.001383, 0.00082, 0.000364, 0.00013, 3.8e-05, 1e-05], [7.7e-05, 0.000138, 0.000122, 7.3e-05, 3.2e-05, 1.1e-05, 3e-06, 1e-06], [5e-06, 1e-05, 9e-06, 5e-06, 2e-06, 1e-06, 0.0, 0.0], [0.0, 1e-06, 1e-06, 0.0, 0.0, 0.0, 0.0, 0.0], [0.0, 0.0, 0.0, 0.0, 0.0, 0.0, 0.0, 0.0]]",0.8753319095874443,0.6342502253370095,0.35859024171141984,0.1669582609542534,0.06483245806719963,0.2535437047940465,0.29794534254693117,0.8309302718345599,0.16906972816544005,0.7020546574530688,0.04959770378644032,0.5303305751105973,0.005671957391093476,0.26310302748563785,,,,0.3403654404087735,0.25628838072203686,0.4033461788691897,0.15405972218716404,0.23068596013841985,0.6152543176744161
B_Canada_Qatar,2026-06-18,B,Canada,Qatar,0.4136804897287962,0.29205973838694294,0.29425977188426095,1.3430053734940648,1.0944056053739564,1,1,"[[0.097661, 0.085362, 0.052333, 0.019091, 0.005223, 0.001143, 0.000209, 3.3e-05], [0.107086, 0.138715, 0.070283, 0.025639, 0.007015, 0.001535, 0.00028, 4.4e-05], [0.078808, 0.086248, 0.047195, 0.017217, 0.004711, 0.001031, 0.000188, 2.9e-05], [0.03528, 0.038611, 0.021128, 0.007707, 0.002109, 0.000462, 8.4e-05, 1.3e-05], [0.011845, 0.012964, 0.007094, 0.002588, 0.000708, 0.000155, 2.8e-05, 4e-06], [0.003182, 0.003482, 0.001905, 0.000695, 0.00019, 4.2e-05, 8e-06, 1e-06], [0.000712, 0.000779, 0.000426, 0.000156, 4.3e-05, 9e-06, 2e-06, 0.0], [0.000137, 0.00015, 8.2e-05, 3e-05, 8e-06, 2e-06, 0.0, 0.0]]",0.9023288316626937,0.7098613259075314,0.4399784956158851,0.2290553633326945,0.10052877375162429,0.501845281223422,0.7389191264412497,0.6652549864448665,0.3347450135551336,0.2610808735587503,0.38828611033532334,0.2989081672391471,0.15283509795797842,0.09844216101431785,,,,0.6276820916855421,0.14762197117238207,0.2246959371420758,0.48501435704771145,0.24391381598208928,0.2710718269701992
B_Bosnia_and_Herzegovina_Switzerland,2026-06-18,B,Bosnia and Herzegovina,Switzerland,0.06255948801786439,0.21645014907947685,0.7209903629026587,0.36736745823738287,1.79625999541009,0,1,"[[0.120973, 0.200338, 0.185377, 0.110995, 0.049844, 0.017907, 0.005361, 0.001376], [0.036148, 0.081892, 0.068102, 0.040776, 0.018311, 0.006578, 0.001969, 0.000505], [0.007754, 0.013928, 0.012509, 0.00749, 0.003363, 0.001208, 0.000362, 9.3e-05], [0.00095, 0.001706, 0.001532, 0.000917, 0.000412, 0.000148, 4.4e-05, 1.1e-05], [8.7e-05, 0.000157, 0.000141, 8.4e-05, 3.8e-05, 1.4e-05, 4e-06, 1e-06], [6e-06, 1.2e-05, 1e-05, 6e-06, 3e-06, 1e-06, 0.0, 0.0], [0.0, 1e-06, 1e-06, 0.0, 0.0, 0.0, 0.0, 0.0], [0.0, 0.0, 0.0, 0.0, 0.0, 0.0, 0.0, 0.0]]",0.8789596730893322,0.6423429000108134,0.36716730882436216,0.17308523257709502,0.06810490546972275,0.26247496595506015,0.30744488268530545,0.833989756359087,0.16601024364091296,0.6925551173146945,0.05302266954811366,0.5357921968786327,0.0062894486684437435,0.2679720234668023,,,,0.18254770582955096,0.11558709083141934,0.7018652033390297,0.10255556062175991,0.18282912966345766,0.7146153097147824
B_Bosnia_and_Herzegovina_Qatar,2026-06-21,B,Bosnia and Herzegovina,Qatar,0.42516741452279133,0.2868643183513541,0.2879682671258546,1.3947273696369307,1.1056682096795531,1,1,"[[0.092175, 0.080601, 0.050155, 0.018485, 0.00511, 0.00113, 0.000208, 3.3e-05], [0.104319, 0.136656, 0.069952, 0.025781, 0.007126, 0.001576, 0.00029, 4.6e-05], [0.079807, 0.08824, 0.048782, 0.017979, 0.00497, 0.001099, 0.000203, 3.2e-05], [0.037103, 0.041024, 0.022679, 0.008359, 0.00231, 0.000511, 9.4e-05, 1.5e-05], [0.012937, 0.014304, 0.007908, 0.002914, 0.000806, 0.000178, 3.3e-05, 5e-06], [0.003609, 0.00399, 0.002206, 0.000813, 0.000225, 5e-05, 9e-06, 1e-06], [0.000839, 0.000928, 0.000513, 0.000189, 5.2e-05, 1.2e-05, 2e-06, 0.0], [0.000167, 0.000185, 0.000102, 3.8e-05, 1e-05, 2e-06, 0.0, 0.0]]",0.9078138803947173,0.722871197890543,0.4562205324331439,0.24241394463038868,0.10876368288770094,0.5132632143273028,0.7520736387006517,0.6690034560213683,0.33099654397863165,0.24792636129934828,0.40628395694195646,0.3030310998303952,0.16514279029850826,0.10070909989945466,,,,0.34278599070779403,0.25908539852546225,0.3981286107667438,0.39770693991779216,0.2776046784093902,0.32468838167281766
B_Switzerland_Qatar,2026-06-13,B,Switzerland,Qatar,0.8592241598614743,0.10759149043883227,0.033184349699693486,2.9150030702877845,0.472613368007898,2,0,"[[0.037513, 0.012245, 0.003774, 0.000594, 7e-05, 7e-06, 1e-06, 0.0], [0.094772, 0.050274, 0.011, 0.001733, 0.000205, 1.9e-05, 2e-06, 0.0], [0.143557, 0.067847, 0.016033, 0.002526, 0.000298, 2.8e-05, 2e-06, 0.0], [0.13949, 0.065925, 0.015578, 0.002454, 0.00029, 2.7e-05, 2e-06, 0.0], [0.101653, 0.048043, 0.011353, 0.001788, 0.000211, 2e-05, 2e-06, 0.0], [0.059264, 0.028009, 0.006619, 0.001043, 0.000123, 1.2e-05, 1e-06, 0.0], [0.028792, 0.013608, 0.003216, 0.000507, 6e-05, 6e-06, 0.0, 0.0], [0.01199, 0.005667, 0.001339, 0.000211, 2.5e-05, 2e-06, 0.0, 0.0]]",0.9621016547376412,0.8539851141488081,0.6543499686495993,0.433169003145338,0.24584993450025142,0.3597664951569986,0.9452392149845644,0.37662893491007565,0.6233710650899243,0.05476078501543557,0.7856113585332004,0.08201543631925584,0.5529535127036086,0.012396297404457138,,,,0.6682234527115326,0.12991913309307568,0.2018574141953917,0.7955572574781604,0.11503403799024674,0.0894087045315929
C_Brazil_Morocco,2026-06-13,C,Brazil,Morocco,0.2173097064054386,0.43885485657813794,0.3438354370164234,0.48620117249525024,0.684248584587566,0,0,"[[0.318483, 0.204017, 0.072624, 0.016564, 0.002834, 0.000388, 4.4e-05, 4e-06], [0.142577, 0.111463, 0.03531, 0.008054, 0.001378, 0.000189, 2.2e-05, 2e-06], [0.036668, 0.02509, 0.008584, 0.001958, 0.000335, 4.6e-05, 5e-06, 1e-06], [0.005943, 0.004066, 0.001391, 0.000317, 5.4e-05, 7e-06, 1e-06, 0.0], [0.000722, 0.000494, 0.000169, 3.9e-05, 7e-06, 1e-06, 0.0, 0.0], [7e-05, 4.8e-05, 1.6e-05, 4e-06, 1e-06, 0.0, 0.0, 0.0], [6e-06, 4e-06, 1e-06, 0.0, 0.0, 0.0, 0.0, 0.0], [0.0, 0.0, 0.0, 0.0, 0.0, 0.0, 0.0, 0.0]]",0.6815163116171208,0.3349226684942272,0.11416802133635431,0.031261725734882624,0.007002312348037961,0.19905609409343575,0.3850418868316652,0.4955305188788912,0.5044694811211088,0.6149581131683348,0.08604853117375409,0.1503479904541489,0.013363071129171221,0.03225266220465526,,,,0.4063169486124201,0.25470247361808823,0.3389805777694916,0.28031212047443244,0.37747072892478806,0.34221715060077945
C_Brazil_Haiti,2026-06-20,C,Brazil,Haiti,0.8788008388275486,0.09228098499208728,0.02891817618036418,3.1781944322878823,0.4984648372411686,3,0,"[[0.028515, 0.009408, 0.003144, 0.000522, 6.5e-05, 6e-06, 1e-06, 0.0], [0.077225, 0.0433, 0.009992, 0.00166, 0.000207, 2.1e-05, 2e-06, 0.0], [0.127814, 0.063711, 0.015879, 0.002638, 0.000329, 3.3e-05, 3e-06, 0.0], [0.135406, 0.067495, 0.016822, 0.002795, 0.000348, 3.5e-05, 3e-06, 0.0], [0.107586, 0.053628, 0.013366, 0.002221, 0.000277, 2.8e-05, 2e-06, 0.0], [0.068386, 0.034088, 0.008496, 0.001412, 0.000176, 1.8e-05, 1e-06, 0.0], [0.036224, 0.018056, 0.0045, 0.000748, 9.3e-05, 9e-06, 1e-06, 0.0], [0.016447, 0.008198, 0.002043, 0.000339, 4.2e-05, 4e-06, 0.0, 0.0]]",0.9710149421713167,0.8829533402576718,0.7058206262445919,0.49273052908383586,0.29686560884110097,0.37917433139425055,0.9576518085520684,0.3925374650134985,0.6074625349865015,0.042348191447931574,0.823061022274791,0.08973875138134467,0.6091831784829455,0.014271495627601216,,,,0.7257067258943398,0.10561452677209132,0.16867874733356877,0.8277694678498123,0.09672549891875529,0.07550503323143237
C_Brazil_Scotland,2026-06-21,C,Brazil,Scotland,0.4080269134444864,0.3070672048413868,0.2849058817141268,1.2394636561619827,0.9926320102640703,1,1,"[[0.117864, 0.095952, 0.052864, 0.017491, 0.004341, 0.000862, 0.000143, 2e-05], [0.122438, 0.142579, 0.065523, 0.02168, 0.00538, 0.001068, 0.000177, 2.5e-05], [0.082423, 0.081816, 0.040607, 0.013436, 0.003334, 0.000662, 0.00011, 1.6e-05], [0.034054, 0.033803, 0.016777, 0.005551, 0.001378, 0.000273, 4.5e-05, 6e-06], [0.010552, 0.010474, 0.005199, 0.00172, 0.000427, 8.5e-05, 1.4e-05, 2e-06], [0.002616, 0.002597, 0.001289, 0.000426, 0.000106, 2.1e-05, 3e-06, 0.0], [0.00054, 0.000536, 0.000266, 8.8e-05, 2.2e-05, 4e-06, 1e-06, 0.0], [9.6e-05, 9.5e-05, 4.7e-05, 1.6e-05, 4e-06, 1e-06, 0.0, 0.0]]",0.8821292185244026,0.6637274239932432,0.385844958254441,0.18694959785937126,0.07596122985685039,0.45771432612918744,0.7104471313578375,0.6293964132957529,0.3706035867042471,0.2895528686421625,0.3515568741384324,0.26152343001444134,0.12914115895139336,0.07894218055625687,,,,0.6423107006493499,0.141177651953506,0.21651164739714418,0.4861215091794409,0.2517706872120932,0.2621078036084659
C_Morocco_Haiti,2026-06-21,C,Morocco,Haiti,0.8511990206841257,0.1243483195933384,0.024452659722535918,2.4582159871886877,0.273953086698004,2,0,"[[0.068584, 0.014322, 0.002442, 0.000223, 1.5e-05, 1e-06, 0.0, 0.0], [0.15647, 0.047332, 0.006003, 0.000548, 3.8e-05, 2e-06, 0.0, 0.0], [0.196627, 0.053867, 0.007378, 0.000674, 4.6e-05, 3e-06, 0.0, 0.0], [0.161118, 0.044139, 0.006046, 0.000552, 3.8e-05, 2e-06, 0.0, 0.0], [0.099015, 0.027126, 0.003716, 0.000339, 2.3e-05, 1e-06, 0.0, 0.0], [0.04868, 0.013336, 0.001827, 0.000167, 1.1e-05, 1e-06, 0.0, 0.0], [0.019944, 0.005464, 0.000748, 6.8e-05, 5e-06, 0.0, 0.0, 0.0], [0.007004, 0.001919, 0.000263, 2.4e-05, 2e-06, 0.0, 0.0, 0.0]]",0.9311513246444053,0.7596994779740659,0.5123467820713262,0.2902821812945825,0.13860267263277914,0.2225629241627347,0.9140819950621485,0.2396322537449913,0.7603677462550087,0.08591800493785148,0.7028769817365653,0.03132716263282726,0.4432832115708912,0.0027942512902840847,,,,0.6866679227194142,0.12202276884160197,0.1913093084389838,0.7963553213625553,0.12357313600942627,0.08007154262801855
C_Morocco_Scotland,2026-06-19,C,Morocco,Scotland,0.4333233673907512,0.37309644919254203,0.19358018341670663,0.9586793508172446,0.545544204626652,0,0,"[[0.231486, 0.111918, 0.033064, 0.006013, 0.00082, 8.9e-05, 8e-06, 1e-06], [0.203713, 0.125502, 0.031698, 0.005764, 0.000786, 8.6e-05, 8e-06, 1e-06], [0.102104, 0.055702, 0.015194, 0.002763, 0.000377, 4.1e-05, 4e-06, 0.0], [0.032628, 0.0178, 0.004855, 0.000883, 0.00012, 1.3e-05, 1e-06, 0.0], [0.00782, 0.004266, 0.001164, 0.000212, 2.9e-05, 3e-06, 0.0, 0.0], [0.001499, 0.000818, 0.000223, 4.1e-05, 6e-06, 1e-06, 0.0, 0.0], [0.00024, 0.000131, 3.6e-05, 6e-06, 1e-06, 0.0, 0.0, 0.0], [3.3e-05, 1.8e-05, 5e-06, 1e-06, 0.0, 0.0, 0.0, 0.0]]",0.7685125748762325,0.45287888966446543,0.1922078938108253,0.06616648144004302,0.018767866077655872,0.2685592444308407,0.616598205454477,0.4204736138525961,0.5795263861474039,0.38340179454552303,0.2490388219574084,0.10431635246165288,0.0728530263785302,0.018077471610421537,,,,0.5974527107628654,0.16115145792592783,0.24139583131120662,0.4880331485147894,0.30244811877033734,0.2095187327148733
C_Haiti_Scotland,2026-06-14,C,Haiti,Scotland,0.03557957088126315,0.08607638095534587,0.878344048163391,0.6983835368247406,3.5661073065970137,0,3,"[[0.01686, 0.047335, 0.089395, 0.106264, 0.094737, 0.067569, 0.04016, 0.020459], [0.007018, 0.037815, 0.062432, 0.074213, 0.066163, 0.047189, 0.028047, 0.014288], [0.003429, 0.012227, 0.021801, 0.025915, 0.023104, 0.016478, 0.009794, 0.004989], [0.000798, 0.002846, 0.005075, 0.006033, 0.005378, 0.003836, 0.00228, 0.001161], [0.000139, 0.000497, 0.000886, 0.001053, 0.000939, 0.00067, 0.000398, 0.000203], [1.9e-05, 6.9e-05, 0.000124, 0.000147, 0.000131, 9.4e-05, 5.6e-05, 2.8e-05], [2e-06, 8e-06, 1.4e-05, 1.7e-05, 1.5e-05, 1.1e-05, 6e-06, 3e-06], [0.0, 1e-06, 1e-06, 2e-06, 2e-06, 1e-06, 1e-06, 0.0]]",0.9826297964422783,0.9266323306887336,0.7920401091061519,0.6048197285737873,0.405219828953236,0.49086014121999905,0.5026109590364214,0.9708789786258561,0.029121021374143803,0.4973890409635786,0.15524264143041142,0.867030291527954,0.033944484315138884,0.6818625106077865,,,,0.3148480039074307,0.22854997179620926,0.45660202429636004,0.12866904855665232,0.13356757790230034,0.7377633735410474
D_USA_Paraguay,2026-06-13,D,USA,Paraguay,0.16283960494707753,0.38059625465584457,0.456564140397078,0.45389781546382135,0.9495126685492881,0,0,"[[0.25423, 0.224877, 0.110784, 0.035064, 0.008323, 0.001581, 0.00025, 3.4e-05], [0.103076, 0.11439, 0.050285, 0.015915, 0.003778, 0.000717, 0.000114, 1.5e-05], [0.025316, 0.024038, 0.011412, 0.003612, 0.000857, 0.000163, 2.6e-05, 3e-06], [0.00383, 0.003637, 0.001727, 0.000546, 0.00013, 2.5e-05, 4e-06, 1e-06], [0.000435, 0.000413, 0.000196, 6.2e-05, 1.5e-05, 3e-06, 0.0, 0.0], [3.9e-05, 3.7e-05, 1.8e-05, 6e-06, 1e-06, 0.0, 0.0, 0.0], [3e-06, 3e-06, 1e-06, 0.0, 0.0, 0.0, 0.0, 0.0], [0.0, 0.0, 0.0, 0.0, 0.0, 0.0, 0.0, 0.0]]",0.7457679635274906,0.41781284210843406,0.16732113833354512,0.05410389989688846,0.0143813350486345,0.23215210583237772,0.3648523488258737,0.6130677205339947,0.3869322794660053,0.6351476511741263,0.07656021746096038,0.24567061931036913,0.011132633139988846,0.07124651831031031,,,,0.30372112037466326,0.21730551368979878,0.4789733659355379,0.20980011008960608,0.32616600766716264,0.4640338822432313
D_USA_Australia,2026-06-19,D,USA,Australia,0.10713342748768155,0.28387165438740186,0.6089949181249167,0.4476328508167601,1.427291717497346,0,1,"[[0.161205, 0.21106, 0.156216, 0.074322, 0.02652, 0.00757, 0.001801, 0.000367], [0.060813, 0.105825, 0.069928, 0.033269, 0.011871, 0.003389, 0.000806, 0.000164], [0.015365, 0.021931, 0.015651, 0.007446, 0.002657, 0.000758, 0.00018, 3.7e-05], [0.002293, 0.003272, 0.002335, 0.001111, 0.000396, 0.000113, 2.7e-05, 5e-06], [0.000257, 0.000366, 0.000261, 0.000124, 4.4e-05, 1.3e-05, 3e-06, 1e-06], [2.3e-05, 3.3e-05, 2.3e-05, 1.1e-05, 4e-06, 1e-06, 0.0, 0.0], [2e-06, 2e-06, 2e-06, 1e-06, 0.0, 0.0, 0.0, 0.0], [0.0, 0.0, 0.0, 0.0, 0.0, 0.0, 0.0, 0.0]]",0.8387754520362618,0.5668686137012081,0.28942856584745347,0.12093493071670836,0.04195671668891164,0.28209817558801015,0.36086068238572855,0.7600129452385437,0.23998705476145632,0.6391393176142715,0.07476092757297341,0.41748140967093506,0.010727103140568617,0.17303519782228732,,,,0.3039751774639682,0.21755726134280276,0.4784675611932291,0.17274734414644377,0.2617668567058688,0.5654857991476874
D_USA_Turkey,2026-06-21,D,USA,Turkey,0.14731952947460136,0.26212367819028465,0.5905567923351139,0.6907823957251547,1.6278919658180566,0,1,"[[0.107256, 0.151339, 0.130387, 0.070752, 0.028794, 0.009375, 0.002544, 0.000592], [0.059124, 0.119509, 0.090069, 0.048874, 0.01989, 0.006476, 0.001757, 0.000409], [0.023478, 0.03822, 0.031109, 0.016881, 0.00687, 0.002237, 0.000607, 0.000141], [0.005406, 0.008801, 0.007163, 0.003887, 0.001582, 0.000515, 0.00014, 3.2e-05], [0.000934, 0.00152, 0.001237, 0.000671, 0.000273, 8.9e-05, 2.4e-05, 6e-06], [0.000129, 0.00021, 0.000171, 9.3e-05, 3.8e-05, 1.2e-05, 3e-06, 1e-06], [1.5e-05, 2.4e-05, 2e-05, 1.1e-05, 4e-06, 1e-06, 0.0, 0.0], [1e-06, 2e-06, 2e-06, 1e-06, 0.0, 0.0, 0.0, 0.0]]",0.8927126236627834,0.6821883985357586,0.4087342032222832,0.20422746052497148,0.08568132526122868,0.40970287405221106,0.4988158588089393,0.803599638906055,0.19640036109394501,0.5011841411910607,0.15260667705752431,0.48388106899745675,0.033029073061380296,0.22364742335893384,,,,0.28944764884892915,0.20350494667768962,0.5070474044733813,0.19469556926604398,0.24258410101941966,0.5627203297145364
D_Paraguay_Australia,2026-06-21,D,Paraguay,Australia,0.21518534839296102,0.39610789144076125,0.3887067601662777,0.5519119164665226,0.841236087367063,0,0,"[[0.257514, 0.199651, 0.087856, 0.024636, 0.005181, 0.000872, 0.000122, 1.5e-05], [0.127814, 0.124501, 0.048489, 0.013597, 0.00286, 0.000481, 6.7e-05, 8e-06], [0.037816, 0.031812, 0.013381, 0.003752, 0.000789, 0.000133, 1.9e-05, 2e-06], [0.006957, 0.005852, 0.002462, 0.00069, 0.000145, 2.4e-05, 3e-06, 0.0], [0.00096, 0.000808, 0.00034, 9.5e-05, 2e-05, 3e-06, 0.0, 0.0], [0.000106, 8.9e-05, 3.7e-05, 1.1e-05, 2e-06, 0.0, 0.0, 0.0], [1e-05, 8e-06, 3e-06, 1e-06, 0.0, 0.0, 0.0, 0.0], [1e-06, 1e-06, 0.0, 0.0, 0.0, 0.0, 0.0, 0.0]]",0.742484969290665,0.41501940773777907,0.16484623845018467,0.0529526065604643,0.013981509083250788,0.2504886753605028,0.4241521402384191,0.5688215044127486,0.4311784955872514,0.5758478597615809,0.10633484436425962,0.20609859382811285,0.018631267938202002,0.05353079277880676,,,,0.3604733023180645,0.279735020915799,0.35979167676613655,0.26361466636799546,0.3573169345991071,0.3790683990328973
D_Paraguay_Turkey,2026-06-20,D,Paraguay,Turkey,0.2964831405422576,0.3483142671138496,0.3552025923438928,0.8517047736562843,0.9594685173275415,0,0,"[[0.174148, 0.146151, 0.07524, 0.024063, 0.005772, 0.001108, 0.000177, 2.4e-05], [0.128536, 0.144264, 0.064082, 0.020495, 0.004916, 0.000943, 0.000151, 2.1e-05], [0.059288, 0.056885, 0.02729, 0.008728, 0.002094, 0.000402, 6.4e-05, 9e-06], [0.016832, 0.01615, 0.007748, 0.002478, 0.000594, 0.000114, 1.8e-05, 2e-06], [0.003584, 0.003439, 0.00165, 0.000528, 0.000127, 2.4e-05, 4e-06, 1e-06], [0.00061, 0.000586, 0.000281, 9e-05, 2.2e-05, 4e-06, 1e-06, 0.0], [8.7e-05, 8.3e-05, 4e-05, 1.3e-05, 3e-06, 1e-06, 0.0, 0.0], [1.1e-05, 1e-05, 5e-06, 2e-06, 0.0, 0.0, 0.0, 0.0]]",0.825850216306819,0.5511601115242458,0.2723648617595899,0.11050062054276671,0.03720957292844834,0.36436213398911593,0.5733117135012351,0.6169006367946998,0.38309936320530025,0.42668828649876495,0.20989926302701678,0.24932885879098507,0.05513920358950688,0.07299208436464893,,,,0.3480643188324696,0.2653002312446452,0.38663544992288523,0.3136768666389949,0.3206429218241148,0.36568021153689023
D_Australia_Turkey,2026-06-14,D,Australia,Turkey,0.43075295965542953,0.3049014123994873,0.26434562794508326,1.2802685097923625,0.9462253684595899,1,1,"[[0.118363, 0.091647, 0.048306, 0.015236, 0.003604, 0.000682, 0.000108, 1.5e-05], [0.127692, 0.141177, 0.061845, 0.019507, 0.004614, 0.000873, 0.000138, 1.9e-05], [0.088434, 0.083678, 0.039589, 0.012487, 0.002954, 0.000559, 8.8e-05, 1.2e-05], [0.03774, 0.03571, 0.016895, 0.005329, 0.001261, 0.000239, 3.8e-05, 5e-06], [0.012079, 0.01143, 0.005408, 0.001706, 0.000403, 7.6e-05, 1.2e-05, 2e-06], [0.003093, 0.002927, 0.001385, 0.000437, 0.000103, 2e-05, 3e-06, 0.0], [0.00066, 0.000624, 0.000295, 9.3e-05, 2.2e-05, 4e-06, 1e-06, 0.0], [0.000121, 0.000114, 5.4e-05, 1.7e-05, 4e-06, 1e-06, 0.0, 0.0]]",0.8816292697239793,0.6622767213166904,0.3843416518284353,0.18582936652346893,0.07533276952614083,0.45218572370004034,0.7220212608981469,0.6117937325258728,0.38820626747412723,0.27797873910185317,0.3661338348342574,0.24446311404684462,0.13831810252392968,0.07067433913844087,,,,0.3478427082909123,0.2650359956140322,0.38712129609505547,0.40311620920059044,0.2916129401376689,0.30527085066174064
E_Germany_Curacao,2026-06-14,E,Germany,Curacao,0.6131445813266005,0.2825227255381523,0.10433269313524715,1.432296580298193,0.4385107754760168,1,0,"[[0.161737, 0.059793, 0.014806, 0.002164, 0.000237, 2.1e-05, 2e-06, 0.0], [0.212835, 0.104461, 0.021207, 0.0031, 0.00034, 3e-05, 2e-06, 0.0], [0.157963, 0.069268, 0.015187, 0.00222, 0.000243, 2.1e-05, 2e-06, 0.0], [0.075416, 0.033071, 0.007251, 0.00106, 0.000116, 1e-05, 1e-06, 0.0], [0.027005, 0.011842, 0.002596, 0.00038, 4.2e-05, 4e-06, 0.0, 0.0], [0.007736, 0.003392, 0.000744, 0.000109, 1.2e-05, 1e-06, 0.0, 0.0], [0.001847, 0.00081, 0.000178, 2.6e-05, 3e-06, 0.0, 0.0, 0.0], [0.000378, 0.000166, 3.6e-05, 5e-06, 1e-06, 0.0, 0.0, 0.0]]",0.8382431925962892,0.5655811347793854,0.28831665293936587,0.12023951321733194,0.041629525884964255,0.27797089556970295,0.76121035343084,0.3550037347351517,0.6449962652648483,0.23878964656916,0.4191927592392183,0.07216592227472858,0.17425744395798068,0.010152208036748345,,,,0.769455700225671,0.08768851509860408,0.1428557846757249,0.6652482876262907,0.21757798872496956,0.11717372364873974
E_Germany_Ivory_Coast,2026-06-21,E,Germany,Ivory Coast,0.18644533950915973,0.6623353104155925,0.15121935007524792,0.2596694148238445,0.2161265815189449,0,0,"[[0.62418, 0.131509, 0.014513, 0.001046, 5.6e-05, 2e-06, 0.0, 0.0], [0.158566, 0.037663, 0.003769, 0.000271, 1.5e-05, 1e-06, 0.0, 0.0], [0.02095, 0.004528, 0.000489, 3.5e-05, 2e-06, 0.0, 0.0, 0.0], [0.001813, 0.000392, 4.2e-05, 3e-06, 0.0, 0.0, 0.0, 0.0], [0.000118, 2.5e-05, 3e-06, 0.0, 0.0, 0.0, 0.0, 0.0], [6e-06, 1e-06, 0.0, 0.0, 0.0, 0.0, 0.0, 0.0], [0.0, 0.0, 0.0, 0.0, 0.0, 0.0, 0.0, 0.0], [0.0, 0.0, 0.0, 0.0, 0.0, 0.0, 0.0, 0.0]]",0.3758200652434413,0.08574447750924852,0.012619048892890889,0.0014638960812276066,0.00013700181963225636,0.047240091068766504,0.2286934735206516,0.19436668279155644,0.8056333172084436,0.7713065264793484,0.028408759139946952,0.02024790798552772,0.0024048518492477675,0.0014320601969807448,,,,0.5632507321450362,0.17682472696469045,0.25992454089027345,0.31204713705445186,0.5004984492652917,0.18745441368025642
E_Germany_Ecuador,2026-06-21,E,Germany,Ecuador,0.19637536946407844,0.5400028299979868,0.2636218005379349,0.34464062293114694,0.4377094142775335,0,0,"[[0.462849, 0.194659, 0.04381, 0.006392, 0.000699, 6.1e-05, 4e-06, 0.0], [0.152096, 0.074508, 0.015099, 0.002203, 0.000241, 2.1e-05, 2e-06, 0.0], [0.02716, 0.011888, 0.002602, 0.00038, 4.2e-05, 4e-06, 0.0, 0.0], [0.00312, 0.001366, 0.000299, 4.4e-05, 5e-06, 0.0, 0.0, 0.0], [0.000269, 0.000118, 2.6e-05, 4e-06, 0.0, 0.0, 0.0, 0.0], [1.9e-05, 8e-06, 2e-06, 0.0, 0.0, 0.0, 0.0, 0.0], [1e-06, 0.0, 0.0, 0.0, 0.0, 0.0, 0.0, 0.0], [0.0, 0.0, 0.0, 0.0, 0.0, 0.0, 0.0, 0.0]]",0.5371511654553872,0.19039664479958854,0.04491847402908035,0.008419405634461278,0.0012806437553081783,0.10886056740965075,0.29152508006197264,0.3544866528030657,0.6455133471969343,0.7084749199380274,0.047355842323436266,0.0719393836931651,0.005280523226020064,0.010102583859259537,,,,0.34314500691640804,0.2595030226243758,0.3973519704592162,0.2452985819481883,0.44650289420678313,0.30819852384502866
E_Curacao_Ivory_Coast,2026-06-21,E,Curacao,Ivory Coast,0.08013837667306785,0.6741817029377599,0.24567992038917225,0.11759338139869974,0.31968550783244504,0,0,"[[0.647733, 0.204508, 0.033, 0.003516, 0.000281, 1.8e-05, 1e-06, 0.0], [0.073999, 0.026219, 0.003881, 0.000414, 3.3e-05, 2e-06, 0.0, 0.0], [0.004465, 0.001427, 0.000228, 2.4e-05, 2e-06, 0.0, 0.0, 0.0], [0.000175, 5.6e-05, 9e-06, 1e-06, 0.0, 0.0, 0.0, 0.0], [5e-06, 2e-06, 0.0, 0.0, 0.0, 0.0, 0.0, 0.0], [0.0, 0.0, 0.0, 0.0, 0.0, 0.0, 0.0, 0.0], [0.0, 0.0, 0.0, 0.0, 0.0, 0.0, 0.0, 0.0], [0.0, 0.0, 0.0, 0.0, 0.0, 0.0, 0.0, 0.0]]",0.3522666395209692,0.07375984992560557,0.010076002442706204,0.0010765419380576854,9.272341476961968e-05,0.03229843138790353,0.11094251356088303,0.27362255734798957,0.7263774426520104,0.889057486439117,0.0063952374726787145,0.041410215715748946,0.0002482036170610221,0.004292755535916908,,,,0.2408018464435125,0.16066098663485068,0.5985371669216367,0.13369286659654941,0.5030081308367903,0.3632990025666604
E_Curacao_Ecuador,2026-06-21,E,Curacao,Ecuador,0.07579555759317977,0.5013918138596007,0.42281262854721946,0.1560732758816474,0.6474416770159744,0,0,"[[0.451372, 0.286274, 0.093845, 0.020253, 0.003278, 0.000424, 4.6e-05, 4e-06], [0.066263, 0.048864, 0.014647, 0.003161, 0.000512, 6.6e-05, 7e-06, 1e-06], [0.005453, 0.003531, 0.001143, 0.000247, 4e-05, 5e-06, 1e-06, 0.0], [0.000284, 0.000184, 5.9e-05, 1.3e-05, 2e-06, 0.0, 0.0, 0.0], [1.1e-05, 7e-06, 2e-06, 1e-06, 0.0, 0.0, 0.0, 0.0], [0.0, 0.0, 0.0, 0.0, 0.0, 0.0, 0.0, 0.0], [0.0, 0.0, 0.0, 0.0, 0.0, 0.0, 0.0, 0.0], [0.0, 0.0, 0.0, 0.0, 0.0, 0.0, 0.0, 0.0]]",0.548628084737415,0.1960909190033756,0.047928915029412524,0.009214855258291249,0.0014380237799241926,0.07249214022662573,0.1445034991796098,0.4766167257844306,0.5233832742155694,0.8554965008203902,0.01098335779128522,0.1377565810041909,0.0005638948599569339,0.028060490798993722,,,,0.12748471727477184,0.07737894240096392,0.7951363403242643,0.0930252774870438,0.3600541900400552,0.5469205324729011
E_Ivory_Coast_Ecuador,2026-06-14,E,Ivory Coast,Ecuador,0.06553810270708471,0.8320505144570789,0.10241138283583638,0.07692304378643143,0.11737848411835566,0,0,"[[0.824004, 0.096056, 0.005672, 0.000222, 7e-06, 0.0, 0.0, 0.0], [0.062744, 0.008029, 0.000436, 1.7e-05, 1e-06, 0.0, 0.0, 0.0], [0.002436, 0.000286, 1.7e-05, 1e-06, 0.0, 0.0, 0.0, 0.0], [6.2e-05, 7e-06, 0.0, 0.0, 0.0, 0.0, 0.0, 0.0], [1e-06, 0.0, 0.0, 0.0, 0.0, 0.0, 0.0, 0.0], [0.0, 0.0, 0.0, 0.0, 0.0, 0.0, 0.0, 0.0], [0.0, 0.0, 0.0, 0.0, 0.0, 0.0, 0.0, 0.0], [0.0, 0.0, 0.0, 0.0, 0.0, 0.0, 0.0, 0.0]]",0.17599567727770146,0.017195410364048716,0.001057547981929699,5.086363587145451e-05,1.9635592322174055e-06,0.008794650391518097,0.07403889067441327,0.1107514369948065,0.8892485630051935,0.9259611093255867,0.0028111437172284827,0.006372788664830644,7.161616823029363e-05,0.0002468849071829016,,,,0.23948493634166987,0.15957609418746035,0.6009389694708698,0.12352038058527975,0.607892374367206,0.2685872450475142
F_Netherlands_Japan,2026-06-14,F,Netherlands,Japan,0.17007601241083065,0.3120857165832697,0.5178382710058996,0.6199715513896195,1.2856488299957192,0,1,"[[0.158214, 0.181732, 0.122918, 0.052676, 0.016931, 0.004353, 0.000933, 0.000171], [0.082725, 0.128031, 0.076205, 0.032658, 0.010497, 0.002699, 0.000578, 0.000106], [0.028583, 0.036748, 0.023623, 0.010123, 0.003254, 0.000837, 0.000179, 3.3e-05], [0.005907, 0.007594, 0.004882, 0.002092, 0.000672, 0.000173, 3.7e-05, 7e-06], [0.000916, 0.001177, 0.000757, 0.000324, 0.000104, 2.7e-05, 6e-06, 1e-06], [0.000114, 0.000146, 9.4e-05, 4e-05, 1.3e-05, 3e-06, 1e-06, 0.0], [1.2e-05, 1.5e-05, 1e-05, 4e-06, 1e-06, 0.0, 0.0, 0.0], [1e-06, 1e-06, 1e-06, 0.0, 0.0, 0.0, 0.0, 0.0]]",0.8417769226032794,0.5773040345473723,0.2977551668922834,0.12620801911677482,0.044482083824391935,0.34377555878266663,0.4620400902573675,0.7235123911285786,0.2764876088714214,0.5379599097426325,0.12852025042880794,0.3680464202747216,0.025133844169943194,0.1395442155089448,,,,0.3502405092426319,0.26791097651089546,0.38184851424647265,0.23013084468809772,0.2973608032258116,0.47250835208609065
F_Netherlands_Sweden,2026-06-21,F,Netherlands,Sweden,0.6720423882140661,0.1985868423725291,0.12937076941340478,2.2565965654327718,0.9019578743890422,2,0,"[[0.049405, 0.031404, 0.017282, 0.005196, 0.001172, 0.000211, 3.2e-05, 4e-06], [0.088959, 0.093394, 0.038999, 0.011725, 0.002644, 0.000477, 7.2e-05, 9e-06], [0.108177, 0.097571, 0.044003, 0.013229, 0.002983, 0.000538, 8.1e-05, 1e-05], [0.081371, 0.073393, 0.033099, 0.009951, 0.002244, 0.000405, 6.1e-05, 8e-06], [0.045905, 0.041405, 0.018673, 0.005614, 0.001266, 0.000228, 3.4e-05, 4e-06], [0.020718, 0.018687, 0.008427, 0.002534, 0.000571, 0.000103, 1.5e-05, 2e-06], [0.007792, 0.007028, 0.00317, 0.000953, 0.000215, 3.9e-05, 6e-06, 1e-06], [0.002512, 0.002266, 0.001022, 0.000307, 6.9e-05, 1.2e-05, 2e-06, 0.0]]",0.9504806763478892,0.8298392157465461,0.6104786153541428,0.3868246695232885,0.21021887862636035,0.5387944887705814,0.8950515768488705,0.5942235882696001,0.40577641173039997,0.10494842315112947,0.6582253256184466,0.22823035846803574,0.39101467305299986,0.0631751206717361,,,,0.6696662345196329,0.1292980011318588,0.20103576434850828,0.6712503369825884,0.17549056195897234,0.15325910105843926
F_Netherlands_Tunisia,2026-06-21,F,Netherlands,Tunisia,0.16976564784883086,0.6026455860978115,0.22758876605335768,0.26688427373505974,0.34211500116899224,0,0,"[[0.547867, 0.182102, 0.031829, 0.00363, 0.00031, 2.1e-05, 1e-06, 0.0], [0.141184, 0.053633, 0.008495, 0.000969, 8.3e-05, 6e-06, 0.0, 0.0], [0.01937, 0.006627, 0.001134, 0.000129, 1.1e-05, 1e-06, 0.0, 0.0], [0.001723, 0.00059, 0.000101, 1.1e-05, 1e-06, 0.0, 0.0, 0.0], [0.000115, 3.9e-05, 7e-06, 1e-06, 0.0, 0.0, 0.0, 0.0], [6e-06, 2e-06, 0.0, 0.0, 0.0, 0.0, 0.0, 0.0], [0.0, 0.0, 0.0, 0.0, 0.0, 0.0, 0.0, 0.0], [0.0, 0.0, 0.0, 0.0, 0.0, 0.0, 0.0, 0.0]]",0.45213251893478745,0.12884611205389773,0.02401361937120749,0.003539084080242659,0.00042183979369390815,0.07183927462927192,0.23423831453680732,0.289733479027252,0.710266520972748,0.7657616854631927,0.02986856325782802,0.0467406473743642,0.00259702693607541,0.005174900931871985,,,,0.581680500939848,0.16832927115455748,0.24999022790559453,0.30707059887916993,0.4578734811167269,0.2350559200041033
F_Japan_Sweden,2026-06-21,F,Japan,Sweden,0.8178541271892353,0.13579207406316707,0.04635379874759753,2.6005837695938667,0.501247918286969,2,0,"[[0.049656, 0.017851, 0.005649, 0.000944, 0.000118, 1.2e-05, 1e-06, 0.0], [0.112251, 0.063305, 0.014691, 0.002455, 0.000308, 3.1e-05, 3e-06, 0.0], [0.152056, 0.076218, 0.019102, 0.003192, 0.0004, 4e-05, 3e-06, 0.0], [0.131811, 0.06607, 0.016559, 0.002767, 0.000347, 3.5e-05, 3e-06, 0.0], [0.085697, 0.042955, 0.010766, 0.001799, 0.000225, 2.3e-05, 2e-06, 0.0], [0.044572, 0.022342, 0.005599, 0.000936, 0.000117, 1.2e-05, 1e-06, 0.0], [0.019319, 0.009684, 0.002427, 0.000405, 5.1e-05, 5e-06, 0.0, 0.0], [0.007177, 0.003598, 0.000902, 0.000151, 1.9e-05, 2e-06, 0.0, 0.0]]",0.9500776289626293,0.8192777079587784,0.5970813307005829,0.3722169238500931,0.19784403818874863,0.3695193012105144,0.9253711996564513,0.3942257305166924,0.6057742694833076,0.07462880034354866,0.7312927527387577,0.09058263898637514,0.478934123197688,0.014482405220479564,,,,0.6892945461530147,0.12090596585488028,0.18979948799210497,0.7750009335104951,0.13083003799373816,0.09416902849576668
F_Japan_Tunisia,2026-06-21,F,Japan,Tunisia,0.2222112011681849,0.649692457687202,0.12809634114461313,0.30756712177399625,0.1901246577251288,0,0,"[[0.610776, 0.112739, 0.010988, 0.000696, 3.3e-05, 1e-06, 0.0, 0.0], [0.184136, 0.038393, 0.003379, 0.000214, 1e-05, 0.0, 0.0, 0.0], [0.028754, 0.005467, 0.00052, 3.3e-05, 2e-06, 0.0, 0.0, 0.0], [0.002948, 0.00056, 5.3e-05, 3e-06, 0.0, 0.0, 0.0, 0.0], [0.000227, 4.3e-05, 4e-06, 0.0, 0.0, 0.0, 0.0, 0.0], [1.4e-05, 3e-06, 0.0, 0.0, 0.0, 0.0, 0.0, 0.0], [1e-06, 0.0, 0.0, 0.0, 0.0, 0.0, 0.0, 0.0], [0.0, 0.0, 0.0, 0.0, 0.0, 0.0, 0.0, 0.0]]",0.38922392573965375,0.09234860561601772,0.014213281382715865,0.0017226221810493294,0.00016849757975069446,0.048686503881684356,0.2647664831748807,0.17314394644645748,0.8268560535535425,0.7352335168251193,0.038632826573205686,0.015938222276639442,0.0038571876246024784,0.0009938800265306116,,,,0.603691236163944,0.15833522518015497,0.23797353865590104,0.34937121283343797,0.48590671351818626,0.16472207364837577
F_Sweden_Tunisia,2026-06-15,F,Sweden,Tunisia,0.09949842606911939,0.4755734498484297,0.42492812408245095,0.21577633091934834,0.6920231237464979,0,0,"[[0.40823, 0.274351, 0.096596, 0.022282, 0.003855, 0.000534, 6.2e-05, 6e-06], [0.082228, 0.065057, 0.020843, 0.004808, 0.000832, 0.000115, 1.3e-05, 1e-06], [0.009391, 0.006499, 0.002249, 0.000519, 9e-05, 1.2e-05, 1e-06, 0.0], [0.000675, 0.000467, 0.000162, 3.7e-05, 6e-06, 1e-06, 0.0, 0.0], [3.6e-05, 2.5e-05, 9e-06, 2e-06, 0.0, 0.0, 0.0, 0.0], [2e-06, 1e-06, 0.0, 0.0, 0.0, 0.0, 0.0, 0.0], [0.0, 0.0, 0.0, 0.0, 0.0, 0.0, 0.0, 0.0], [0.0, 0.0, 0.0, 0.0, 0.0, 0.0, 0.0, 0.0]]",0.5917699703977582,0.2351909954635219,0.06414664490000815,0.01384681511810434,0.0024312756066550514,0.10175179117241608,0.19408445981863998,0.49943730175153433,0.5005626982484657,0.80591554018136,0.02018696152742131,0.15303633967865557,0.0014254794587549198,0.03317760175742268,,,,0.3165395478282692,0.23030043897668426,0.4531600131950465,0.17184546665550265,0.39381577955784786,0.43433875378664943
G_Belgium_Egypt,2026-06-15,G,Belgium,Egypt,0.14780809847165444,0.5272572464869854,0.3249346550413602,0.2760702341290017,0.5235277080235733,0,0,"[[0.454707, 0.230134, 0.061601, 0.01075, 0.001407, 0.000147, 1.3e-05, 1e-06], [0.118899, 0.070165, 0.017006, 0.002968, 0.000388, 4.1e-05, 4e-06, 0.0], [0.01713, 0.008968, 0.002347, 0.00041, 5.4e-05, 6e-06, 0.0, 0.0], [0.001576, 0.000825, 0.000216, 3.8e-05, 5e-06, 1e-06, 0.0, 0.0], [0.000109, 5.7e-05, 1.5e-05, 3e-06, 0.0, 0.0, 0.0, 0.0], [6e-06, 3e-06, 1e-06, 0.0, 0.0, 0.0, 0.0, 0.0], [0.0, 0.0, 0.0, 0.0, 0.0, 0.0, 0.0, 0.0], [0.0, 0.0, 0.0, 0.0, 0.0, 0.0, 0.0, 0.0]]",0.5452931888319197,0.19626038979093727,0.04736471905087998,0.009064362468293457,0.0014081408915069538,0.10352017242955575,0.24124036143554883,0.4075729998259263,0.5924270001740737,0.7587596385644512,0.031769410369424225,0.09742105025351261,0.0028550631173993673,0.01623448060416826,,,,0.5100790006807099,0.20203439515729177,0.28788660416199824,0.26856506587467294,0.41884962937708753,0.3125853047482396
G_Belgium_Iran,2026-06-21,G,Belgium,Iran,0.29019219425917,0.2880554367994656,0.4217523689413644,1.1053255460623201,1.381777601497713,1,1,"[[0.09331, 0.104736, 0.07938, 0.036562, 0.01263, 0.00349, 0.000804, 0.000159], [0.081749, 0.137156, 0.087741, 0.040413, 0.01396, 0.003858, 0.000888, 0.000175], [0.050794, 0.070186, 0.048491, 0.022335, 0.007715, 0.002132, 0.000491, 9.7e-05], [0.018715, 0.02586, 0.017866, 0.008229, 0.002843, 0.000786, 0.000181, 3.6e-05], [0.005171, 0.007146, 0.004937, 0.002274, 0.000786, 0.000217, 5e-05, 1e-05], [0.001143, 0.00158, 0.001091, 0.000503, 0.000174, 4.8e-05, 1.1e-05, 2e-06], [0.000211, 0.000291, 0.000201, 9.3e-05, 3.2e-05, 9e-06, 2e-06, 0.0], [3.3e-05, 4.6e-05, 3.2e-05, 1.5e-05, 5e-06, 1e-06, 0.0, 0.0]]",0.9066793221480507,0.7201716956186488,0.4528096650562759,0.23958062615667014,0.10699997270706763,0.511054480991839,0.6688900311522616,0.7488437719876282,0.25115622801237186,0.33110996884773836,0.30290572402895743,0.4018017216434802,0.10063982196830434,0.16203425567178764,,,,0.37888510162098055,0.2695338827035147,0.3515810156755047,0.3197564967131068,0.28188158543414865,0.3983619178527445
G_Belgium_New_Zealand,2026-06-21,G,Belgium,New Zealand,0.42805543498874143,0.333627075112407,0.23831748989885154,1.119024232016351,0.7633174967112382,0,0,"[[0.162635, 0.1058, 0.04435, 0.011284, 0.002153, 0.000329, 4.2e-05, 5e-06], [0.159951, 0.140435, 0.049628, 0.012627, 0.00241, 0.000368, 4.7e-05, 5e-06], [0.095314, 0.072755, 0.027768, 0.007065, 0.001348, 0.000206, 2.6e-05, 3e-06], [0.035553, 0.027138, 0.010358, 0.002635, 0.000503, 7.7e-05, 1e-05, 1e-06], [0.009946, 0.007592, 0.002898, 0.000737, 0.000141, 2.1e-05, 3e-06, 0.0], [0.002226, 0.001699, 0.000648, 0.000165, 3.1e-05, 5e-06, 1e-06, 0.0], [0.000415, 0.000317, 0.000121, 3.1e-05, 6e-06, 1e-06, 0.0, 0.0], [6.6e-05, 5.1e-05, 1.9e-05, 5e-06, 1e-06, 0.0, 0.0, 0.0]]",0.8373608432306119,0.5716035784159744,0.2914976573342813,0.12227285149331062,0.04263812310073978,0.3699152253004747,0.6733942624018282,0.5338818061292584,0.4661181938707416,0.3266057375981718,0.30791452771390015,0.17808563321228024,0.10342418800055092,0.04229291118706698,,,,0.6052218907126691,0.15764619483842254,0.2371319144489083,0.48711092023005065,0.2749667816877456,0.2379222980822038
G_Egypt_Iran,2026-06-21,G,Egypt,Iran,0.24867428612476108,0.5992467045135983,0.15207900936164068,0.3696386819560581,0.24367179677404469,0,0,"[[0.545457, 0.12806, 0.016078, 0.001306, 8e-05, 4e-06, 0.0, 0.0], [0.196278, 0.05268, 0.005943, 0.000483, 2.9e-05, 1e-06, 0.0, 0.0], [0.036997, 0.009015, 0.001098, 8.9e-05, 5e-06, 0.0, 0.0, 0.0], [0.004559, 0.001111, 0.000135, 1.1e-05, 1e-06, 0.0, 0.0, 0.0], [0.000421, 0.000103, 1.3e-05, 1e-06, 0.0, 0.0, 0.0, 0.0], [3.1e-05, 8e-06, 1e-06, 0.0, 0.0, 0.0, 0.0, 0.0], [2e-06, 0.0, 0.0, 0.0, 0.0, 0.0, 0.0, 0.0], [0.0, 0.0, 0.0, 0.0, 0.0, 0.0, 0.0, 0.0]]",0.45454288653365565,0.13020550845450407,0.024450585135463398,0.003628100489394186,0.00043543848273645575,0.07072833882665326,0.3090160451890652,0.2162551801712439,0.7837448198287561,0.6909839548109348,0.053601646879966776,0.025278671711220824,0.006396126108179393,0.0020108772321771598,,,,0.2980988041161085,0.21179058014183644,0.490110615742055,0.26514912545521024,0.47009466305634434,0.26475621148844547
G_Egypt_New_Zealand,2026-06-21,G,Egypt,New Zealand,0.2769331510748215,0.6367126936373914,0.08635415528778709,0.37421974338055586,0.13460845343786762,0,0,"[[0.603622, 0.078504, 0.005447, 0.000244, 8e-06, 0.0, 0.0, 0.0], [0.222558, 0.032707, 0.002038, 9.1e-05, 3e-06, 0.0, 0.0, 0.0], [0.042096, 0.005666, 0.000381, 1.7e-05, 1e-06, 0.0, 0.0, 0.0], [0.005251, 0.000707, 4.8e-05, 2e-06, 0.0, 0.0, 0.0, 0.0], [0.000491, 6.6e-05, 4e-06, 0.0, 0.0, 0.0, 0.0, 0.0], [3.7e-05, 5e-06, 0.0, 0.0, 0.0, 0.0, 0.0, 0.0], [2e-06, 0.0, 0.0, 0.0, 0.0, 0.0, 0.0, 0.0], [0.0, 0.0, 0.0, 0.0, 0.0, 0.0, 0.0, 0.0]]",0.39637774189240893,0.09531560420849754,0.015065864527194285,0.0018656501635200245,0.00018648984544876823,0.04173842419972127,0.3121742452266115,0.12594192086551848,0.8740580791344815,0.6878257547733885,0.054776267784776886,0.008286314618352731,0.006614565252298159,0.0003675950207398739,,,,0.4548060838381274,0.22946261984371005,0.31573129631816255,0.3362241286625901,0.5009626690394976,0.16281320229791224
G_Iran_New_Zealand,2026-06-16,G,Iran,New Zealand,0.4453965654936359,0.3677552098284435,0.18684822467792062,0.987700271669653,0.5389431525286817,0,0,"[[0.226515, 0.107841, 0.031553, 0.005668, 0.000764, 8.2e-05, 7e-06, 1e-06], [0.20534, 0.124904, 0.031165, 0.005599, 0.000754, 8.1e-05, 7e-06, 1e-06], [0.105976, 0.057115, 0.015391, 0.002765, 0.000373, 4e-05, 4e-06, 0.0], [0.034891, 0.018804, 0.005067, 0.00091, 0.000123, 1.3e-05, 1e-06, 0.0], [0.008615, 0.004643, 0.001251, 0.000225, 3e-05, 3e-06, 0.0, 0.0], [0.001702, 0.000917, 0.000247, 4.4e-05, 6e-06, 1e-06, 0.0, 0.0], [0.00028, 0.000151, 4.1e-05, 7e-06, 1e-06, 0.0, 0.0, 0.0], [4e-05, 2.1e-05, 6e-06, 1e-06, 0.0, 0.0, 0.0, 0.0]]",0.7734824905999705,0.4602986122216623,0.1978627101005589,0.06902206466431225,0.01984863363313349,0.27071729686920115,0.627564305295927,0.41663548217324486,0.5833645178267551,0.37243569470407295,0.25970946845723797,0.10223516986231898,0.07804430731695362,0.017513222125892763,,,,0.586220790299263,0.16625441543943692,0.24752479426130003,0.49233797376217825,0.30058827836544133,0.20707374787238042
H_Spain_Cabo_Verde,2026-06-15,H,Spain,Cabo Verde,0.993066259720045,0.006456559291012362,0.0004771809889426142,5.989598065757429,0.14579164549968374,5,0,"[[0.002316, 0.000164, 2.3e-05, 1e-06, 0.0, 0.0, 0.0, 0.0], [0.012816, 0.002042, 0.000138, 7e-06, 0.0, 0.0, 0.0, 0.0], [0.038833, 0.005662, 0.000413, 2e-05, 1e-06, 0.0, 0.0, 0.0], [0.077531, 0.011303, 0.000824, 4e-05, 1e-06, 0.0, 0.0, 0.0], [0.116095, 0.016926, 0.001234, 6e-05, 2e-06, 0.0, 0.0, 0.0], [0.139072, 0.020276, 0.001478, 7.2e-05, 3e-06, 0.0, 0.0, 0.0], [0.138831, 0.02024, 0.001475, 7.2e-05, 3e-06, 0.0, 0.0, 0.0], [0.118792, 0.017319, 0.001262, 6.1e-05, 2e-06, 0.0, 0.0, 0.0]]",0.9968928427086098,0.9794797053182309,0.9246139068423823,0.8128211315127015,0.6413480706250512,0.13540926228915962,0.9966398780912338,0.1356622269065355,0.8643377730934645,0.003360121908766275,0.9765140984057782,0.009649000699707158,0.9162414328678454,0.0004631628979984663,,,,0.8491181128118908,0.056186389203229437,0.09469549798487974,0.9450835440839936,0.023033169261751387,0.031883286654254994
H_Spain_Saudi_Arabia,2026-06-21,H,Spain,Saudi Arabia,0.732118658676933,0.2207891938283659,0.04709214749470114,1.7001627717608168,0.26372901950722927,1,0,"[[0.145344, 0.031971, 0.00488, 0.000429, 2.8e-05, 1e-06, 0.0, 0.0], [0.233519, 0.067946, 0.008296, 0.000729, 4.8e-05, 3e-06, 0.0, 0.0], [0.202789, 0.053481, 0.007052, 0.00062, 4.1e-05, 2e-06, 0.0, 0.0], [0.114925, 0.030309, 0.003997, 0.000351, 2.3e-05, 1e-06, 0.0, 0.0], [0.048848, 0.012883, 0.001699, 0.000149, 1e-05, 1e-06, 0.0, 0.0], [0.01661, 0.00438, 0.000578, 5.1e-05, 3e-06, 0.0, 0.0, 0.0], [0.004707, 0.001241, 0.000164, 1.4e-05, 1e-06, 0.0, 0.0, 0.0], [0.001143, 0.000301, 4e-05, 3e-06, 0.0, 0.0, 0.0, 0.0]]",0.8545995471737263,0.589005795688601,0.3132847968071271,0.13608526306000093,0.049085085624374365,0.19449409526793107,0.81727531649825,0.23181832594340723,0.7681816740565928,0.18272468350175003,0.5066136121267969,0.02922652624104011,0.242525879934742,0.0025118578931849784,,,,0.8211912322751022,0.06707146916815204,0.11173729855674584,0.7618095165429893,0.16954995227496128,0.06864053118204938
H_Spain_Uruguay,2026-06-21,H,Spain,Uruguay,0.6006350639079101,0.31443304527505966,0.0849318908170302,1.2426002625719041,0.308448258191922,1,0,"[[0.218526, 0.058898, 0.010086, 0.001037, 8e-05, 5e-06, 0.0, 0.0], [0.256962, 0.087765, 0.012533, 0.001289, 9.9e-05, 6e-06, 0.0, 0.0], [0.16369, 0.05049, 0.007787, 0.000801, 6.2e-05, 4e-06, 0.0, 0.0], [0.0678, 0.020913, 0.003225, 0.000332, 2.6e-05, 2e-06, 0.0, 0.0], [0.021062, 0.006497, 0.001002, 0.000103, 8e-06, 0.0, 0.0, 0.0], [0.005234, 0.001615, 0.000249, 2.6e-05, 2e-06, 0.0, 0.0, 0.0], [0.001084, 0.000334, 5.2e-05, 5e-06, 0.0, 0.0, 0.0, 0.0], [0.000192, 5.9e-05, 9e-06, 1e-06, 0.0, 0.0, 0.0, 0.0]]",0.7814633772871851,0.4655881686142026,0.20403467732720076,0.07216846230588048,0.021035737868994587,0.1953043479667626,0.7113536864108827,0.2654140388430647,0.7345859611569353,0.28864631358911735,0.35268170135463345,0.038832278631969225,0.1298387499505927,0.0038879039943831286,,,,0.6230153057064771,0.14969168560487228,0.22729300868865066,0.6080951445074325,0.2595192587183306,0.13238559677423703
H_Cabo_Verde_Saudi_Arabia,2026-06-21,H,Cabo Verde,Saudi Arabia,0.04129806885252551,0.16413371237592278,0.7945682187715518,0.339033229577009,2.1606017660175105,0,2,"[[0.086927, 0.172606, 0.191665, 0.138037, 0.074561, 0.032219, 0.011602, 0.003581], [0.023028, 0.064962, 0.064981, 0.046799, 0.025279, 0.010923, 0.003934, 0.001214], [0.004719, 0.010197, 0.011015, 0.007933, 0.004285, 0.001852, 0.000667, 0.000206], [0.000533, 0.001152, 0.001245, 0.000897, 0.000484, 0.000209, 7.5e-05, 2.3e-05], [4.5e-05, 9.8e-05, 0.000106, 7.6e-05, 4.1e-05, 1.8e-05, 6e-06, 2e-06], [3e-06, 7e-06, 7e-06, 5e-06, 3e-06, 1e-06, 0.0, 0.0], [0.0, 0.0, 0.0, 0.0, 0.0, 0.0, 0.0, 0.0], [0.0, 0.0, 0.0, 0.0, 0.0, 0.0, 0.0, 0.0]]",0.9129190952364421,0.7169381522014602,0.4551284938206429,0.24100195210344286,0.1071924028129571,0.2591619501822282,0.2875412237246395,0.8845398216940308,0.11546017830596927,0.7124587762753605,0.04599402386352044,0.6350763565414569,0.005047760231421206,0.3655807548587075,,,,0.3368140443773311,0.2522417808655088,0.41094417475716005,0.1398033940274607,0.1935030685391181,0.6666935374334212
H_Cabo_Verde_Uruguay,2026-06-21,H,Cabo Verde,Uruguay,0.020334636077385997,0.11473650366922082,0.8649288602533931,0.24778967466549087,2.5269644297002505,0,2,"[[0.065489, 0.15447, 0.199117, 0.16772, 0.105956, 0.053549, 0.022553, 0.008141], [0.01233, 0.042174, 0.049339, 0.041559, 0.026255, 0.013269, 0.005588, 0.002017], [0.001915, 0.004838, 0.006113, 0.005149, 0.003253, 0.001644, 0.000692, 0.00025], [0.000158, 0.0004, 0.000505, 0.000425, 0.000269, 0.000136, 5.7e-05, 2.1e-05], [1e-05, 2.5e-05, 3.1e-05, 2.6e-05, 1.7e-05, 8e-06, 4e-06, 1e-06], [0.0, 1e-06, 2e-06, 1e-06, 1e-06, 0.0, 0.0, 0.0], [0.0, 0.0, 0.0, 0.0, 0.0, 0.0, 0.0, 0.0], [0.0, 0.0, 0.0, 0.0, 0.0, 0.0, 0.0, 0.0]]",0.9342139311935306,0.7666569799573629,0.52234710497542,0.2992828950648939,0.14454581206831063,0.2049978812902328,0.21947590977355125,0.9197359027102123,0.08026409728978764,0.7805240902264488,0.026070099387761066,0.7169113838769187,0.0021081179708058147,0.4606462115955179,,,,0.20342398798453465,0.13110629345479397,0.6654697185606714,0.08136442004643556,0.12019310026441186,0.7984424796891526
H_Saudi_Arabia_Uruguay,2026-06-15,H,Saudi Arabia,Uruguay,0.19591902507223813,0.43638222527370746,0.3676987496540544,0.4482378103324651,0.7172853339695469,0,0,"[[0.319778, 0.215602, 0.0802, 0.019175, 0.003439, 0.000493, 5.9e-05, 6e-06], [0.131724, 0.108254, 0.035949, 0.008595, 0.001541, 0.000221, 2.6e-05, 3e-06], [0.031319, 0.022465, 0.008057, 0.001926, 0.000345, 5e-05, 6e-06, 1e-06], [0.004679, 0.003356, 0.001204, 0.000288, 5.2e-05, 7e-06, 1e-06, 0.0], [0.000524, 0.000376, 0.000135, 3.2e-05, 6e-06, 1e-06, 0.0, 0.0], [4.7e-05, 3.4e-05, 1.2e-05, 3e-06, 1e-06, 0.0, 0.0, 0.0], [4e-06, 3e-06, 1e-06, 0.0, 0.0, 0.0, 0.0, 0.0], [0.0, 0.0, 0.0, 0.0, 0.0, 0.0, 0.0, 0.0]]",0.6802218385986895,0.33289523654512154,0.11312273543999336,0.030854610861286047,0.006883260052584902,0.19294950963864374,0.36124721868927456,0.5119241295480585,0.4880758704519414,0.6387527813107254,0.07493407065078317,0.16183446580846042,0.010765881377699002,0.036277375121088445,,,,0.23032453830385521,0.15212321355134795,0.6175522481447968,0.20738752948277717,0.3416292213662543,0.4509832491509686
I_France_Senegal,2026-06-16,I,France,Senegal,0.3313471416108272,0.3232517134216444,0.34540114496752844,1.0242592278515503,1.0515116393629313,1,1,"[[0.136269, 0.121113, 0.069359, 0.024311, 0.006391, 0.001344, 0.000236, 3.5e-05], [0.117694, 0.145932, 0.071042, 0.0249, 0.006546, 0.001377, 0.000241, 3.6e-05], [0.06581, 0.0692, 0.036382, 0.012752, 0.003352, 0.000705, 0.000124, 1.9e-05], [0.022469, 0.023626, 0.012422, 0.004354, 0.001145, 0.000241, 4.2e-05, 6e-06], [0.005754, 0.00605, 0.003181, 0.001115, 0.000293, 6.2e-05, 1.1e-05, 2e-06], [0.001179, 0.001239, 0.000652, 0.000228, 6e-05, 1.3e-05, 2e-06, 0.0], [0.000201, 0.000212, 0.000111, 3.9e-05, 1e-05, 2e-06, 0.0, 0.0], [2.9e-05, 3.1e-05, 1.6e-05, 6e-06, 1e-06, 0.0, 0.0, 0.0]]",0.863727507026268,0.6249138930269694,0.34380531859902386,0.15677897192634233,0.059723011470165205,0.427791493888838,0.6409332856215629,0.6505857152935435,0.3494142847064565,0.35906671437843707,0.2731558900051116,0.28317252796503123,0.08480619437743135,0.09000290649934946,,,,0.5838417317105127,0.16734073927027998,0.2488175290192074,0.415512004977389,0.2712813887045229,0.31320660631808805
I_France_Norway,2026-06-21,I,France,Norway,0.2063036222708159,0.29367220241327846,0.5000241753159057,0.8085916577684136,1.4032255826492608,0,1,"[[0.11944, 0.143716, 0.107807, 0.050426, 0.01769, 0.004965, 0.001161, 0.000233], [0.078603, 0.134183, 0.087171, 0.040774, 0.014304, 0.004014, 0.000939, 0.000188], [0.035797, 0.050231, 0.035243, 0.016485, 0.005783, 0.001623, 0.00038, 7.6e-05], [0.009648, 0.013539, 0.009499, 0.004443, 0.001559, 0.000437, 0.000102, 2.1e-05], [0.00195, 0.002737, 0.00192, 0.000898, 0.000315, 8.8e-05, 2.1e-05, 4e-06], [0.000315, 0.000443, 0.000311, 0.000145, 5.1e-05, 1.4e-05, 3e-06, 1e-06], [4.3e-05, 6e-05, 4.2e-05, 2e-05, 7e-06, 2e-06, 0.0, 0.0], [5e-06, 7e-06, 5e-06, 2e-06, 1e-06, 0.0, 0.0, 0.0]]",0.8805463760870345,0.6582024749896311,0.38038480672475405,0.1828860302968338,0.07367823063066636,0.42813818581307145,0.554513992679085,0.7541705692210212,0.24582943077897879,0.4454860073209151,0.19429772350683452,0.40921642298385247,0.048663788384262996,0.16719218156338783,,,,0.6218541962902187,0.15020769302688172,0.22793811068289963,0.34482048027728346,0.24585069928447953,0.40932882043823704
I_France_Iraq,2026-06-21,I,France,Iraq,0.43491831617217375,0.3746306179842273,0.19045106584359883,0.9545359963184905,0.5346863837680291,0,0,"[[0.234757, 0.111389, 0.032241, 0.005746, 0.000768, 8.2e-05, 7e-06, 1e-06], [0.206085, 0.124323, 0.030775, 0.005485, 0.000733, 7.8e-05, 7e-06, 1e-06], [0.102753, 0.054941, 0.014688, 0.002618, 0.00035, 3.7e-05, 3e-06, 0.0], [0.032694, 0.017481, 0.004673, 0.000833, 0.000111, 1.2e-05, 1e-06, 0.0], [0.007802, 0.004172, 0.001115, 0.000199, 2.7e-05, 3e-06, 0.0, 0.0], [0.001489, 0.000796, 0.000213, 3.8e-05, 5e-06, 1e-06, 0.0, 0.0], [0.000237, 0.000127, 3.4e-05, 6e-06, 1e-06, 0.0, 0.0, 0.0], [3.2e-05, 1.7e-05, 5e-06, 1e-06, 0.0, 0.0, 0.0, 0.0]]",0.7652416562801712,0.4477654244851198,0.18844660650021605,0.06429007034348891,0.018065897273834116,0.2639117184319819,0.6150064294915221,0.4141469452206309,0.5858530547793691,0.38499357050847793,0.2475162080899992,0.10089929394119707,0.07212488577859641,0.017154666997982477,,,,0.693379278781648,0.11917294538001634,0.18744777583833566,0.5210719703753318,0.28947806044949037,0.1894499691751778
I_Senegal_Norway,2026-06-21,I,Senegal,Norway,0.21423971039083203,0.2528208654347531,0.5329394241744149,1.0399776254115662,1.7579966138248915,1,1,"[[0.069845, 0.098209, 0.094159, 0.055177, 0.02425, 0.008526, 0.002498, 0.000627], [0.054458, 0.120315, 0.097923, 0.057383, 0.02522, 0.008867, 0.002598, 0.000652], [0.032951, 0.057928, 0.050919, 0.029838, 0.013114, 0.004611, 0.001351, 0.000339], [0.011423, 0.020081, 0.017652, 0.010344, 0.004546, 0.001598, 0.000468, 0.000118], [0.00297, 0.005221, 0.004589, 0.002689, 0.001182, 0.000416, 0.000122, 3.1e-05], [0.000618, 0.001086, 0.000955, 0.000559, 0.000246, 8.6e-05, 2.5e-05, 6e-06], [0.000107, 0.000188, 0.000165, 9.7e-05, 4.3e-05, 1.5e-05, 4e-06, 1e-06], [1.6e-05, 2.8e-05, 2.5e-05, 1.4e-05, 6e-06, 2e-06, 1e-06, 0.0]]",0.930120273509872,0.7773779777289086,0.5298302280139281,0.30726852305600005,0.1515880437777932,0.5439393098319685,0.6465326233985326,0.8275269599433079,0.17247304005669212,0.35346737660146743,0.2789344604200827,0.5243199395475584,0.08778752810009158,0.25780148197572694,,,,0.39840126694242745,0.2589388620442325,0.34265987101334,0.2756268959080305,0.2548601976379129,0.4695129064540566
I_Senegal_Iraq,2026-06-21,I,Senegal,Iraq,0.4865357076954197,0.3207718510752988,0.19269244122928145,1.2276852837696262,0.6698686681209267,1,0,"[[0.159799, 0.090573, 0.03364, 0.007511, 0.001258, 0.000169, 1.9e-05, 2e-06], [0.174209, 0.133168, 0.041299, 0.009222, 0.001544, 0.000207, 2.3e-05, 2e-06], [0.112992, 0.07569, 0.025351, 0.005661, 0.000948, 0.000127, 1.4e-05, 1e-06], [0.046239, 0.030974, 0.010374, 0.002316, 0.000388, 5.2e-05, 6e-06, 1e-06], [0.014192, 0.009507, 0.003184, 0.000711, 0.000119, 1.6e-05, 2e-06, 0.0], [0.003485, 0.002334, 0.000782, 0.000175, 2.9e-05, 4e-06, 0.0, 0.0], [0.000713, 0.000478, 0.00016, 3.6e-05, 6e-06, 1e-06, 0.0, 0.0], [0.000125, 8.4e-05, 2.8e-05, 6e-06, 1e-06, 0.0, 0.0, 0.0]]",0.8401942872882764,0.5754006363120562,0.2955884213181677,0.12484145667777541,0.0438410622961022,0.3550470153394921,0.7070173728405142,0.48822392978725426,0.5117760702127457,0.29298262715948575,0.34732691307665037,0.14540117525768048,0.1265335709944371,0.030578064268543988,,,,0.4788749319646845,0.2173544971296551,0.30377057090566045,0.48398211578517464,0.2862993997600842,0.22971848445474108
I_Norway_Iraq,2026-06-16,I,Norway,Iraq,0.6385723826143231,0.2533281062231649,0.10809951116251196,1.6383265131247462,0.5288214175811387,1,0,"[[0.12244, 0.052616, 0.016011, 0.002822, 0.000373, 3.9e-05, 3e-06, 0.0], [0.179659, 0.10714, 0.026231, 0.004624, 0.000611, 6.5e-05, 6e-06, 0.0], [0.153671, 0.081264, 0.021487, 0.003788, 0.000501, 5.3e-05, 5e-06, 0.0], [0.083921, 0.044379, 0.011734, 0.002068, 0.000273, 2.9e-05, 3e-06, 0.0], [0.034372, 0.018177, 0.004806, 0.000847, 0.000112, 1.2e-05, 1e-06, 0.0], [0.011263, 0.005956, 0.001575, 0.000278, 3.7e-05, 4e-06, 0.0, 0.0], [0.003075, 0.001626, 0.00043, 7.6e-05, 1e-05, 1e-06, 0.0, 0.0], [0.00072, 0.000381, 0.000101, 1.8e-05, 2e-06, 0.0, 0.0, 0.0]]",0.8775231379569857,0.6451775657895507,0.3682723073920359,0.17397521644453975,0.06870758179727987,0.33881360493725293,0.8056358969493476,0.41070084594489065,0.5892991540551094,0.19436410305065244,0.48720403372175347,0.09906683191810209,0.22635635164701318,0.016667461386028648,,,,0.4387234430161876,0.23770383729085354,0.32357271969295887,0.5719560694149446,0.24812001657906108,0.17992391400599425
J_Argentina_Algeria,2026-06-17,J,Argentina,Algeria,0.8666726722050243,0.10768360147319034,0.025643726321785333,2.752391030512525,0.35106809800302957,2,0,"[[0.048364, 0.012291, 0.002767, 0.000324, 2.8e-05, 2e-06, 0.0, 0.0], [0.120095, 0.04685, 0.007615, 0.000891, 7.8e-05, 5e-06, 0.0, 0.0], [0.170049, 0.059699, 0.010479, 0.001226, 0.000108, 8e-06, 0.0, 0.0], [0.156014, 0.054772, 0.009614, 0.001125, 9.9e-05, 7e-06, 0.0, 0.0], [0.107353, 0.037688, 0.006616, 0.000774, 6.8e-05, 5e-06, 0.0, 0.0], [0.059095, 0.020747, 0.003642, 0.000426, 3.7e-05, 3e-06, 0.0, 0.0], [0.027109, 0.009517, 0.001671, 0.000195, 1.7e-05, 1e-06, 0.0, 0.0], [0.010659, 0.003742, 0.000657, 7.7e-05, 7e-06, 0.0, 0.0, 0.0]]",0.9512764692869432,0.8179065591763129,0.5966069276837482,0.37129201449573246,0.19647810846472308,0.2805381705731214,0.9357504584105859,0.29606418144947844,0.7039358185505216,0.06424954158941408,0.7589105964253414,0.04893477251474124,0.515544371442711,0.005555146737075658,,,,0.6833814210271911,0.12342281811257938,0.1931957608602295,0.8055755884790798,0.11293000701965335,0.08149440450126672
J_Argentina_Austria,2026-06-21,J,Argentina,Austria,0.45043927082297,0.36022915390785704,0.18933157526917294,1.0204373390877404,0.5609770315235431,0,0,"[[0.215103, 0.105965, 0.032364, 0.006052, 0.000849, 9.5e-05, 9e-06, 1e-06], [0.200469, 0.127161, 0.033025, 0.006175, 0.000866, 9.7e-05, 9e-06, 1e-06], [0.107089, 0.060074, 0.01685, 0.003151, 0.000442, 5e-05, 5e-06, 0.0], [0.036426, 0.020434, 0.005732, 0.001072, 0.00015, 1.7e-05, 2e-06, 0.0], [0.009293, 0.005213, 0.001462, 0.000273, 3.8e-05, 4e-06, 0.0, 0.0], [0.001896, 0.001064, 0.000298, 5.6e-05, 8e-06, 1e-06, 0.0, 0.0], [0.000323, 0.000181, 5.1e-05, 9e-06, 1e-06, 0.0, 0.0, 0.0], [4.7e-05, 2.6e-05, 7e-06, 1e-06, 0.0, 0.0, 0.0, 0.0]]",0.7848946370337939,0.4784569771662161,0.21184038446652342,0.0762616854421431,0.022660159695658842,0.2840124930012434,0.6395584616079047,0.4293486684271325,0.5706513315728675,0.36044153839209525,0.2717504572743834,0.1092263784064282,0.08408794665574817,0.01943575241626149,,,,0.734519604964011,0.10196535576723945,0.16351503926874952,0.5451327155366503,0.27414122119431783,0.1807260632690318
J_Argentina_Jordan,2026-06-21,J,Argentina,Jordan,0.4740731669450359,0.3286511889263516,0.19727564412861248,1.179296907892049,0.661278116881151,1,0,"[[0.168628, 0.09506, 0.034705, 0.00765, 0.001265, 0.000167, 1.8e-05, 2e-06], [0.177283, 0.133683, 0.040927, 0.009021, 0.001491, 0.000197, 2.2e-05, 2e-06], [0.110373, 0.072988, 0.024133, 0.005319, 0.000879, 0.000116, 1.3e-05, 1e-06], [0.043388, 0.028691, 0.009486, 0.002091, 0.000346, 4.6e-05, 5e-06, 0.0], [0.012792, 0.008459, 0.002797, 0.000616, 0.000102, 1.3e-05, 1e-06, 0.0], [0.003017, 0.001995, 0.00066, 0.000145, 2.4e-05, 3e-06, 0.0, 0.0], [0.000593, 0.000392, 0.00013, 2.9e-05, 5e-06, 1e-06, 0.0, 0.0], [0.0001, 6.6e-05, 2.2e-05, 5e-06, 1e-06, 0.0, 0.0, 0.0]]",0.8313663349381474,0.5590137805563481,0.28024302412943763,0.11528547531009639,0.03938128918392506,0.34493731015966295,0.6924950658002219,0.48380857929758836,0.5161914207024116,0.3075049341997781,0.32985544773687564,0.1424624886652916,0.11602555760624668,0.02960013865625768,,,,0.7816446092580724,0.08277623306106342,0.13557915768086415,0.5765969810493814,0.24669287030458886,0.17671014864602969
J_Algeria_Austria,2026-06-21,J,Algeria,Austria,0.06789831951862194,0.19038755228540208,0.741714128195976,0.47916321536122536,2.065194579253552,0,2,"[[0.084739, 0.15595, 0.167452, 0.115274, 0.059516, 0.024582, 0.008461, 0.002496], [0.03141, 0.08392, 0.080237, 0.055235, 0.028518, 0.011779, 0.004054, 0.001196], [0.009014, 0.018616, 0.019223, 0.013233, 0.006832, 0.002822, 0.000971, 0.000287], [0.00144, 0.002973, 0.00307, 0.002114, 0.001091, 0.000451, 0.000155, 4.6e-05], [0.000172, 0.000356, 0.000368, 0.000253, 0.000131, 5.4e-05, 1.9e-05, 5e-06], [1.7e-05, 3.4e-05, 3.5e-05, 2.4e-05, 1.3e-05, 5e-06, 2e-06, 1e-06], [1e-06, 3e-06, 3e-06, 2e-06, 1e-06, 0.0, 0.0, 0.0], [0.0, 0.0, 0.0, 0.0, 0.0, 0.0, 0.0, 0.0]]",0.9151468921457446,0.7275356477481085,0.4667994544224153,0.25094301002769626,0.1136390033243126,0.3385879622090346,0.38069857514661176,0.8730362792081673,0.1269637207918327,0.6193014248533882,0.08395211313607404,0.610831491267013,0.012857118694055533,0.34007953791181333,,,,0.42143770876157755,0.2467035375079979,0.33185875373042456,0.1857447825996071,0.20915954735960068,0.6050956700407922
J_Algeria_Jordan,2026-06-21,J,Algeria,Jordan,0.0603190554811244,0.15634764745655327,0.7833332970623222,0.5537583510578674,2.4344454507396986,0,2,"[[0.055811, 0.117209, 0.149283, 0.12114, 0.073727, 0.035897, 0.014565, 0.005065], [0.022464, 0.073347, 0.082667, 0.067082, 0.040827, 0.019878, 0.008065, 0.002805], [0.007724, 0.018804, 0.022889, 0.018574, 0.011304, 0.005504, 0.002233, 0.000777], [0.001426, 0.003471, 0.004225, 0.003428, 0.002087, 0.001016, 0.000412, 0.000143], [0.000197, 0.000481, 0.000585, 0.000475, 0.000289, 0.000141, 5.7e-05, 2e-05], [2.2e-05, 5.3e-05, 6.5e-05, 5.3e-05, 3.2e-05, 1.6e-05, 6e-06, 2e-06], [2e-06, 5e-06, 6e-06, 5e-06, 3e-06, 1e-06, 1e-06, 0.0], [0.0, 0.0, 0.0, 0.0, 0.0, 0.0, 0.0, 0.0]]",0.9439858746050713,0.8038029797771542,0.5726093320485786,0.34775592253518883,0.17977896924642475,0.39326267378180074,0.42521442271289045,0.9120341256739822,0.08796587432601773,0.5747855772871096,0.10692210922253598,0.6978860031006681,0.018793595886129798,0.43722004170914225,,,,0.48778260010784424,0.2129389309250786,0.2992784689670771,0.20280690369003104,0.1752114086127284,0.6219816876972406
J_Austria_Jordan,2026-06-17,J,Austria,Jordan,0.31932362332394215,0.35165082697187416,0.3290255497041837,0.8848588570845699,0.9025603594720651,0,0,"[[0.178086, 0.140387, 0.06818, 0.020512, 0.004628, 0.000835, 0.000126, 1.6e-05], [0.137424, 0.14438, 0.06033, 0.01815, 0.004095, 0.000739, 0.000111, 1.4e-05], [0.065532, 0.059146, 0.026692, 0.00803, 0.001812, 0.000327, 4.9e-05, 6e-06], [0.019329, 0.017445, 0.007873, 0.002369, 0.000534, 9.6e-05, 1.5e-05, 2e-06], [0.004276, 0.003859, 0.001742, 0.000524, 0.000118, 2.1e-05, 3e-06, 0.0], [0.000757, 0.000683, 0.000308, 9.3e-05, 2.1e-05, 4e-06, 1e-06, 0.0], [0.000112, 0.000101, 4.5e-05, 1.4e-05, 3e-06, 1e-06, 0.0, 0.0], [1.4e-05, 1.3e-05, 6e-06, 2e-06, 0.0, 0.0, 0.0, 0.0]]",0.8219125602353533,0.5440994040395002,0.26600565022732026,0.10668733629149785,0.03549518232192494,0.3597812306721113,0.5872258116063014,0.5944679793011631,0.40553202069883687,0.4127741883936986,0.2219789150302423,0.22845085292178802,0.06038293930125344,0.0632745783428374,,,,0.42421841576363933,0.24524555838437584,0.3305360258519849,0.3542885541371745,0.3161824041093747,0.3295290417534507
K_Portugal_Congo_DR,2026-06-17,K,Portugal,Congo DR,0.5144087654290741,0.2626291969914802,0.22296203757944574,1.6612142949594368,1.0194341352223617,1,1,"[[0.077801, 0.060568, 0.035604, 0.012099, 0.003083, 0.000629, 0.000107, 1.6e-05], [0.104542, 0.125319, 0.059146, 0.020098, 0.005122, 0.001044, 0.000177, 2.6e-05], [0.094543, 0.096381, 0.049127, 0.016694, 0.004255, 0.000867, 0.000147, 2.1e-05], [0.052352, 0.05337, 0.027203, 0.009244, 0.002356, 0.00048, 8.2e-05, 1.2e-05], [0.021742, 0.022165, 0.011298, 0.003839, 0.000978, 0.000199, 3.4e-05, 5e-06], [0.007224, 0.007364, 0.003754, 0.001276, 0.000325, 6.6e-05, 1.1e-05, 2e-06], [0.002, 0.002039, 0.001039, 0.000353, 9e-05, 1.8e-05, 3e-06, 0.0], [0.000475, 0.000484, 0.000247, 8.4e-05, 2.1e-05, 4e-06, 1e-06, 0.0]]",0.9221720742980442,0.7570051914066983,0.5014511509522793,0.28139807569610215,0.13392684301056493,0.5270530616854676,0.8100284224216114,0.6391967135618999,0.3608032864381001,0.18997157757838853,0.49444492211239705,0.2713815272664894,0.23231901112889536,0.08389984908513244,,,,0.6287178954707173,0.14716351127356628,0.22411859325571643,0.5525118087762885,0.22414063508550885,0.22334755613820262
K_Portugal_Uzbekistan,2026-06-21,K,Portugal,Uzbekistan,0.36748465390110285,0.32639734070324505,0.3061180053956521,1.0750879855409512,0.9570586538738995,1,1,"[[0.141841, 0.114639, 0.06002, 0.019148, 0.004581, 0.000877, 0.00014, 1.9e-05], [0.130108, 0.145631, 0.064527, 0.020585, 0.004925, 0.000943, 0.00015, 2.1e-05], [0.075737, 0.072485, 0.034686, 0.011066, 0.002648, 0.000507, 8.1e-05, 1.1e-05], [0.027141, 0.025976, 0.01243, 0.003965, 0.000949, 0.000182, 2.9e-05, 4e-06], [0.007295, 0.006982, 0.003341, 0.001066, 0.000255, 4.9e-05, 8e-06, 1e-06], [0.001569, 0.001501, 0.000718, 0.000229, 5.5e-05, 1e-05, 2e-06, 0.0], [0.000281, 0.000269, 0.000129, 4.1e-05, 1e-05, 2e-06, 0.0, 0.0], [4.3e-05, 4.1e-05, 2e-05, 6e-06, 2e-06, 0.0, 0.0, 0.0]]",0.858155719422687,0.6134027561013113,0.3320075463272669,0.14870246732191356,0.055576767249812906,0.41654706771234945,0.6587264285445972,0.6159763585904395,0.38402364140956047,0.3412735714554028,0.2918273120902424,0.24844320928725244,0.09460289608740874,0.07256781872418087,,,,0.5182136797405328,0.19810683054816808,0.2836794897112991,0.41772766251424615,0.2836338373182194,0.2986385001675344
K_Portugal_Colombia,2026-06-21,K,Portugal,Colombia,0.3900653348110033,0.22749413367053872,0.38244053151845797,1.8915903806993015,1.872277723583924,1,1,"[[0.029765, 0.036854, 0.040652, 0.025371, 0.011875, 0.004447, 0.001388, 0.000371], [0.037302, 0.088714, 0.076897, 0.047991, 0.022463, 0.008411, 0.002625, 0.000702], [0.041495, 0.07769, 0.072729, 0.04539, 0.021245, 0.007955, 0.002482, 0.000664], [0.026164, 0.048986, 0.045858, 0.02862, 0.013396, 0.005016, 0.001565, 0.000419], [0.012373, 0.023165, 0.021686, 0.013534, 0.006335, 0.002372, 0.00074, 0.000198], [0.004681, 0.008764, 0.008204, 0.00512, 0.002397, 0.000897, 0.00028, 7.5e-05], [0.001476, 0.002763, 0.002587, 0.001614, 0.000756, 0.000283, 8.8e-05, 2.4e-05], [0.000399, 0.000747, 0.000699, 0.000436, 0.000204, 7.6e-05, 2.4e-05, 6e-06]]",0.9701905894941997,0.8959231637183139,0.7248063720210115,0.518375868793809,0.3241315720818082,0.7249770231070178,0.8490518204789606,0.8461157921222572,0.15388420787774285,0.1509481795210394,0.5635196961128911,0.5580018177014013,0.2934647861971442,0.288287129620703,,,,0.35384775753910597,0.27230446693423993,0.3738477755266541,0.3779928090537042,0.2424309114251058,0.37957627952119005
K_Congo_DR_Uzbekistan,2026-06-21,K,Congo DR,Uzbekistan,0.22111332352263838,0.4085853726882759,0.37030130378908566,0.5418501606440079,0.7860320246882723,0,0,"[[0.274068, 0.199298, 0.081876, 0.021452, 0.004216, 0.000663, 8.7e-05, 1e-05], [0.134581, 0.121913, 0.044365, 0.011624, 0.002284, 0.000359, 4.7e-05, 5e-06], [0.038908, 0.030583, 0.01202, 0.003149, 0.000619, 9.7e-05, 1.3e-05, 1e-06], [0.007027, 0.005524, 0.002171, 0.000569, 0.000112, 1.8e-05, 2e-06, 0.0], [0.000952, 0.000748, 0.000294, 7.7e-05, 1.5e-05, 2e-06, 0.0, 0.0], [0.000103, 8.1e-05, 3.2e-05, 8e-06, 2e-06, 0.0, 0.0, 0.0], [9e-06, 7e-06, 3e-06, 1e-06, 0.0, 0.0, 0.0, 0.0], [1e-06, 1e-06, 0.0, 0.0, 0.0, 0.0, 0.0, 0.0]]",0.7259314276792896,0.3920517473797493,0.14935430882779802,0.04592674151653508,0.011591835490314747,0.23674739548263107,0.4183288623990652,0.5443499607628552,0.4556500392371447,0.5816711376009348,0.10315026304801579,0.1861944378719918,0.017760475703056035,0.045433582466395624,,,,0.30727648902580185,0.22084920536464356,0.47187430560955457,0.24983437869035954,0.3460066502470652,0.4041589710625753
K_Congo_DR_Colombia,2026-06-21,K,Congo DR,Colombia,0.2245700723863094,0.2761714200244337,0.4992585075892569,0.9533717848580078,1.5377012097330933,1,1,"[[0.092534, 0.117641, 0.097916, 0.050189, 0.019294, 0.005934, 0.001521, 0.000334], [0.069247, 0.131128, 0.093351, 0.047848, 0.018394, 0.005657, 0.00145, 0.000318], [0.037639, 0.057877, 0.044499, 0.022809, 0.008768, 0.002697, 0.000691, 0.000152], [0.011961, 0.018393, 0.014141, 0.007248, 0.002786, 0.000857, 0.00022, 4.8e-05], [0.002851, 0.004384, 0.00337, 0.001728, 0.000664, 0.000204, 5.2e-05, 1.1e-05], [0.000544, 0.000836, 0.000643, 0.000329, 0.000127, 3.9e-05, 1e-05, 2e-06], [8.6e-05, 0.000133, 0.000102, 5.2e-05, 2e-05, 6e-06, 2e-06, 0.0], [1.2e-05, 1.8e-05, 1.4e-05, 7e-06, 3e-06, 1e-06, 0.0, 0.0]]",0.907447073482597,0.7205203708983203,0.4537816397982888,0.24035975931029607,0.10744738857567404,0.4921934096390474,0.6145579792134228,0.7850825039082213,0.21491749609177865,0.38544202078657724,0.24708843189684646,0.454603610175086,0.07192088279376213,0.20051471283273775,,,,0.21663865386856884,0.14127677265947575,0.6420845734719555,0.22192626621372924,0.2312065375694477,0.5468671962168231
K_Uzbekistan_Colombia,2026-06-18,K,Uzbekistan,Colombia,0.3030865105402981,0.34019899240208806,0.35671449705761393,0.8950384193860053,0.9951540273593669,0,0,"[[0.161805, 0.139549, 0.074791, 0.02481, 0.006172, 0.001228, 0.000204, 2.9e-05], [0.124427, 0.145296, 0.066941, 0.022206, 0.005524, 0.0011, 0.000182, 2.6e-05], [0.0605, 0.060207, 0.029957, 0.009937, 0.002472, 0.000492, 8.2e-05, 1.2e-05], [0.01805, 0.017962, 0.008938, 0.002965, 0.000738, 0.000147, 2.4e-05, 3e-06], [0.004039, 0.004019, 0.002, 0.000663, 0.000165, 3.3e-05, 5e-06, 1e-06], [0.000723, 0.000719, 0.000358, 0.000119, 3e-05, 6e-06, 1e-06, 0.0], [0.000108, 0.000107, 5.3e-05, 1.8e-05, 4e-06, 1e-06, 0.0, 0.0], [1.4e-05, 1.4e-05, 7e-06, 2e-06, 1e-06, 0.0, 0.0, 0.0]]",0.8381928407229671,0.5742133019314901,0.29362233157921197,0.12361291361169624,0.04327528418225241,0.3835432060591952,0.5914062081356223,0.6303298386465399,0.36967016135346015,0.4085937918643777,0.22569906649439533,0.26245108878105705,0.06203809548802643,0.07940307902677483,,,,0.27606548280429405,0.19112570578049828,0.5328088114152078,0.2940795012949634,0.29050789686155815,0.4154126018434785
L_England_Croatia,2026-06-17,L,England,Croatia,0.5987162857181588,0.33405726139750497,0.06722645288433626,1.1463647102442267,0.22545959514365232,1,0,"[[0.258888, 0.051942, 0.006447, 0.000484, 2.7e-05, 1e-06, 0.0, 0.0], [0.285524, 0.070801, 0.00739, 0.000555, 3.1e-05, 1e-06, 0.0, 0.0], [0.166663, 0.037576, 0.004236, 0.000318, 1.8e-05, 1e-06, 0.0, 0.0], [0.063686, 0.014359, 0.001619, 0.000122, 7e-06, 0.0, 0.0, 0.0], [0.018252, 0.004115, 0.000464, 3.5e-05, 2e-06, 0.0, 0.0, 0.0], [0.004185, 0.000943, 0.000106, 8e-06, 0.0, 0.0, 0.0, 0.0], [0.0008, 0.00018, 2e-05, 2e-06, 0.0, 0.0, 0.0, 0.0], [0.000131, 3e-05, 3e-06, 0.0, 0.0, 0.0, 0.0, 0.0]]",0.7411050198563917,0.40362961178325646,0.1597124573795459,0.05057340484593405,0.01314350361278072,0.14294719681083817,0.68220152567998,0.2018506909872504,0.7981493090127496,0.31779847432002,0.3178885697500527,0.02190027091304973,0.10907081166863847,0.0016144964851200413,,,,0.4931290783669985,0.21030509578764958,0.29656582584535196,0.5635205499344387,0.2928065395275532,0.14367291053800815
L_England_Ghana,2026-06-21,L,England,Ghana,0.6113078136307879,0.3460871715712984,0.04260501479791361,1.0883099600940327,0.13627168246062746,1,0,"[[0.297367, 0.036561, 0.002729, 0.000124, 4e-06, 0.0, 0.0, 0.0], [0.316347, 0.047071, 0.00297, 0.000135, 5e-06, 0.0, 0.0, 0.0], [0.174039, 0.023717, 0.001616, 7.3e-05, 3e-06, 0.0, 0.0, 0.0], [0.063136, 0.008604, 0.000586, 2.7e-05, 1e-06, 0.0, 0.0, 0.0], [0.017178, 0.002341, 0.000159, 7e-06, 0.0, 0.0, 0.0, 0.0], [0.003739, 0.00051, 3.5e-05, 2e-06, 0.0, 0.0, 0.0, 0.0], [0.000678, 9.2e-05, 6e-06, 0.0, 0.0, 0.0, 0.0, 0.0], [0.000105, 1.4e-05, 1e-06, 0.0, 0.0, 0.0, 0.0, 0.0]]",0.7026272996239306,0.34971295355904286,0.12587052796307543,0.03592262549121129,0.008385487952875834,0.08797569181127951,0.6632085201020079,0.12739447133320203,0.872605528666798,0.336791479897992,0.29667499805421405,0.008483047817332083,0.09722395667773412,0.0003809179441841806,,,,0.7814607517017436,0.08285007283011468,0.13568917546814174,0.6680254596544398,0.2583414719909039,0.07363306835465633
L_England_Panama,2026-06-21,L,England,Panama,0.8093805690594252,0.1752008946679392,0.015418536272635557,1.8510226545145856,0.10767961618782598,1,0,"[[0.14329, 0.012938, 0.000818, 2.9e-05, 1e-06, 0.0, 0.0, 0.0], [0.258822, 0.030361, 0.001514, 5.4e-05, 1e-06, 0.0, 0.0, 0.0], [0.241624, 0.026018, 0.001401, 5e-05, 1e-06, 0.0, 0.0, 0.0], [0.149084, 0.016053, 0.000864, 3.1e-05, 1e-06, 0.0, 0.0, 0.0], [0.068989, 0.007429, 0.0004, 1.4e-05, 0.0, 0.0, 0.0, 0.0], [0.02554, 0.00275, 0.000148, 5e-06, 0.0, 0.0, 0.0, 0.0], [0.007879, 0.000848, 4.6e-05, 2e-06, 0.0, 0.0, 0.0, 0.0], [0.002084, 0.000224, 1.2e-05, 0.0, 0.0, 0.0, 0.0, 0.0]]",0.8566135115375342,0.5846704835680023,0.31168469439557156,0.13492131248482975,0.0483646031034279,0.08828921547174502,0.8428179548651027,0.10208477214417633,0.8979152278558237,0.15718204513489736,0.5518704284374736,0.005397605039457074,0.2825951970912123,0.0001919865173948858,,,,0.618719233972003,0.1516030147873705,0.22967775124062648,0.7458267906969511,0.16733493470774963,0.08683827459529919
L_Croatia_Ghana,2026-06-21,L,Croatia,Ghana,0.40926399379931844,0.37658850076408085,0.21414750543660074,0.924394880867247,0.5885246142184094,0,0,"[[0.229852, 0.120046, 0.038146, 0.007483, 0.001101, 0.00013, 1.3e-05, 1e-06], [0.194027, 0.129417, 0.035262, 0.006917, 0.001018, 0.00012, 1.2e-05, 1e-06], [0.094109, 0.055386, 0.016298, 0.003197, 0.00047, 5.5e-05, 5e-06, 0.0], [0.028998, 0.017066, 0.005022, 0.000985, 0.000145, 1.7e-05, 2e-06, 0.0], [0.006701, 0.003944, 0.001161, 0.000228, 3.3e-05, 4e-06, 0.0, 0.0], [0.001239, 0.000729, 0.000215, 4.2e-05, 6e-06, 1e-06, 0.0, 0.0], [0.000191, 0.000112, 3.3e-05, 6e-06, 1e-06, 0.0, 0.0, 0.0], [2.5e-05, 1.5e-05, 4e-06, 1e-06, 0.0, 0.0, 0.0, 0.0]]",0.7701467215610468,0.45607196536203104,0.1943982773420079,0.06726880426040716,0.019184639704126913,0.27793366830962396,0.603226242460944,0.44485414740972695,0.555145852590273,0.3967737575390559,0.23645061212937843,0.11813714867908646,0.06692785457669995,0.021996650860813087,,,,0.678610749347481,0.12546045219972435,0.19592879845279468,0.4990462456487059,0.2928791512426287,0.20807460310866538
L_Croatia_Panama,2026-06-21,L,Croatia,Panama,0.6411944763284962,0.25993400677231954,0.09887151689918428,1.5722321112036357,0.46504235826424584,1,0,"[[0.13801, 0.053008, 0.014099, 0.002185, 0.000254, 2.4e-05, 2e-06, 0.0], [0.197367, 0.102957, 0.022166, 0.003436, 0.000399, 3.7e-05, 3e-06, 0.0], [0.161149, 0.074941, 0.017425, 0.002701, 0.000314, 2.9e-05, 2e-06, 0.0], [0.084454, 0.039275, 0.009132, 0.001416, 0.000165, 1.5e-05, 1e-06, 0.0], [0.033195, 0.015437, 0.003589, 0.000556, 6.5e-05, 6e-06, 0.0, 0.0], [0.010438, 0.004854, 0.001129, 0.000175, 2e-05, 2e-06, 0.0, 0.0], [0.002735, 0.001272, 0.000296, 4.6e-05, 5e-06, 0.0, 0.0, 0.0], [0.000614, 0.000286, 6.6e-05, 1e-05, 1e-06, 0.0, 0.0, 0.0]]",0.8619583976641307,0.6115251142679258,0.33325685525930204,0.14946719357280205,0.055859697196290636,0.3023036014180239,0.7923705206858829,0.3718914783962718,0.6281085216037282,0.2076294793141171,0.46592878607573696,0.07979441026380502,0.20930769728019355,0.011875655560607797,,,,0.48617289158947813,0.21373432093220787,0.30009278747831397,0.5895206147488234,0.2445341114922823,0.16594527375889417
L_Ghana_Panama,2026-06-17,L,Ghana,Panama,0.46055141867898064,0.3811018058459332,0.15834677547508624,0.9502843064888554,0.44149146065109796,0,0,"[[0.256978, 0.101425, 0.024231, 0.003566, 0.000394, 3.5e-05, 3e-06, 0.0], [0.227928, 0.112657, 0.023026, 0.003389, 0.000374, 3.3e-05, 2e-06, 0.0], [0.112263, 0.049563, 0.010941, 0.00161, 0.000178, 1.6e-05, 1e-06, 0.0], [0.035561, 0.0157, 0.003466, 0.00051, 5.6e-05, 5e-06, 0.0, 0.0], [0.008448, 0.00373, 0.000823, 0.000121, 1.3e-05, 1e-06, 0.0, 0.0], [0.001606, 0.000709, 0.000156, 2.3e-05, 3e-06, 0.0, 0.0, 0.0], [0.000254, 0.000112, 2.5e-05, 4e-06, 0.0, 0.0, 0.0, 0.0], [3.5e-05, 1.5e-05, 3e-06, 0.0, 0.0, 0.0, 0.0, 0.0]]",0.743020286146853,0.4136649568424747,0.16451230486158147,0.052795340004548365,0.013924098887937235,0.2272692772462339,0.6133661610190551,0.35692340237403164,0.6430765976259684,0.386633838980945,0.24595409147792408,0.07301057597760462,0.07138112962815961,0.010338031765934494,,,,0.26181102236870807,0.17846333416929966,0.5597256434619924,0.39430461990888976,0.31355564862038865,0.2921397314707216
